"","word","MWS","author","freq"
"1","absence",0.00113045444268596,"EAP",0.000768875903429187
"2","absolute",NA,"EAP",0.000738120867292019
"3","absolutely",NA,"EAP",0.00101491619252653
"4","absorbed",NA,"EAP",0.000522835614331847
"5","accident",NA,"EAP",0.000922651084115024
"6","accomplished",NA,"EAP",0.000768875903429187
"7","account",0.00113045444268596,"EAP",0.00202983238505305
"8","acquaintance",NA,"EAP",0.000861141011840689
"9","act",0.00100125964923614,"EAP",0.000676610795017684
"10","action",0.000581376570524208,"EAP",0.000922651084115024
"11","actual",NA,"EAP",0.000492080578194679
"12","acute",NA,"EAP",0.000584345686606182
"13","adapted",NA,"EAP",0.000615100722743349
"14","admit",NA,"EAP",0.000584345686606182
"15","admitted",NA,"EAP",0.000738120867292019
"16","affair",NA,"EAP",0.000645855758880517
"17","affairs",NA,"EAP",0.000492080578194679
"18","afford",NA,"EAP",0.000615100722743349
"19","afforded",NA,"EAP",0.000615100722743349
"20","afternoon",NA,"EAP",0.000492080578194679
"21","afterward",NA,"EAP",0.000707365831154852
"22","age",0.00119505183941087,"EAP",0.00116869137321236
"23","agitation",0.000710571363974032,"EAP",0.000553590650469014
"24","ago",NA,"EAP",0.000984161156389359
"25","agony",0.00113045444268596,"EAP",0.000553590650469014
"26","ah",NA,"EAP",0.000891896047977856
"27","aid",0.000516779173799296,"EAP",0.000584345686606182
"28","air",0.00280998675753367,"EAP",0.00316776872212825
"29","alas",0.00155033752139789,"EAP",0.000830385975703521
"30","alive",0.000710571363974032,"EAP",0.000522835614331847
"31","alteration",NA,"EAP",0.000615100722743349
"32","altogether",NA,"EAP",0.0027371982162079
"33","amid",NA,"EAP",0.000891896047977856
"34","amount",NA,"EAP",0.000553590650469014
"35","analysis",NA,"EAP",0.000522835614331847
"36","ancient",0.00064597396724912,"EAP",0.000553590650469014
"37","angel",NA,"EAP",0.000615100722743349
"38","angle",NA,"EAP",0.000676610795017684
"39","angles",NA,"EAP",0.000615100722743349
"40","animal",0.000581376570524208,"EAP",0.00104567122866369
"41","answer",0.00103355834759859,"EAP",0.000738120867292019
"42","antagonist",NA,"EAP",0.000738120867292019
"43","anxiety",0.000775168760698944,"EAP",0.000553590650469014
"44","apartment",NA,"EAP",0.00116869137321236
"45","apparent",0.00064597396724912,"EAP",0.00138397662617254
"46","apparently",0.000516779173799296,"EAP",0.00110718130093803
"47","appearance",0.00122735053777333,"EAP",0.00242964785483623
"48","appeared",0.00284228545589613,"EAP",0.00252191296324773
"49","appears",NA,"EAP",0.000861141011840689
"50","applied",NA,"EAP",0.000707365831154852
"51","approaching",NA,"EAP",0.000492080578194679
"52","arm",0.000516779173799296,"EAP",0.00215285252960172
"53","arms",0.00158263621976034,"EAP",0.000953406120252191
"54","arose",0.00096896095087368,"EAP",0.00166077195140704
"55","arrangement",NA,"EAP",0.000492080578194679
"56","arrested",NA,"EAP",0.000676610795017684
"57","arrived",0.00158263621976034,"EAP",0.000768875903429187
"58","art",NA,"EAP",0.00135322159003537
"59","article",NA,"EAP",0.000830385975703521
"60","articles",NA,"EAP",0.000830385975703521
"61","artificial",NA,"EAP",0.000553590650469014
"62","artist",NA,"EAP",0.000584345686606182
"63","ascertained",NA,"EAP",0.000522835614331847
"64","assumed",0.000516779173799296,"EAP",0.000492080578194679
"65","assured",0.000775168760698944,"EAP",0.000522835614331847
"66","astonished",NA,"EAP",0.000553590650469014
"67","astonishment",NA,"EAP",0.000861141011840689
"68","atmosphere",NA,"EAP",0.00184530216823005
"69","attained",NA,"EAP",0.000861141011840689
"70","attempt",0.00064597396724912,"EAP",0.00116869137321236
"71","attempts",NA,"EAP",0.000492080578194679
"72","attended",0.000581376570524208,"EAP",0.000645855758880517
"73","attention",0.0010981557443235,"EAP",0.00261417807165923
"74","author",NA,"EAP",0.000553590650469014
"75","automaton",NA,"EAP",0.00126095648162387
"76","aware",NA,"EAP",0.00138397662617254
"77","balloon",NA,"EAP",0.00224511763801322
"78","baron",NA,"EAP",0.000799630939566354
"79","bear",0.000742870062336488,"EAP",0.000738120867292019
"80","beautiful",0.0013242466328607,"EAP",0.00116869137321236
"81","beauty",0.00255159717063402,"EAP",0.00147624173458404
"82","beauvais",NA,"EAP",0.000615100722743349
"83","bed",0.00100125964923614,"EAP",0.00159926187913271
"84","beheld",0.00125964923613578,"EAP",0.000645855758880517
"85","behold",0.000678272665611576,"EAP",0.000584345686606182
"86","believed",0.000549077872161752,"EAP",0.000522835614331847
"87","bell",NA,"EAP",0.000522835614331847
"88","beneath",0.00116275314104842,"EAP",0.00172228202368138
"89","black",0.00064597396724912,"EAP",0.00181454713209288
"90","blood",0.00138884402958561,"EAP",0.00104567122866369
"91","blue",0.000710571363974032,"EAP",0.000645855758880517
"92","board",NA,"EAP",0.00107642626480086
"93","boat",0.00096896095087368,"EAP",0.00129171151776103
"94","bob",NA,"EAP",0.000953406120252191
"95","bodies",NA,"EAP",0.000922651084115024
"96","bodily",NA,"EAP",0.000522835614331847
"97","body",0.000839766157423856,"EAP",0.0038751345532831
"98","bones",NA,"EAP",0.000584345686606182
"99","book",NA,"EAP",0.0012302014454867
"100","books",0.000775168760698944,"EAP",0.000553590650469014
"101","bore",0.000613675268886664,"EAP",0.000922651084115024
"102","bosom",0.000710571363974032,"EAP",0.000830385975703521
"103","bottom",NA,"EAP",0.00110718130093803
"104","box",NA,"EAP",0.00190681224050438
"105","brain",NA,"EAP",0.000738120867292019
"106","breath",NA,"EAP",0.0013224665538982
"107","breathing",NA,"EAP",0.000492080578194679
"108","brilliant",NA,"EAP",0.000492080578194679
"109","bring",0.00100125964923614,"EAP",0.000922651084115024
"110","broad",NA,"EAP",0.000645855758880517
"111","broken",0.00113045444268596,"EAP",0.000522835614331847
"112","brought",0.00180872710829754,"EAP",0.00175303705981855
"113","bug",NA,"EAP",0.000891896047977856
"114","building",NA,"EAP",0.00107642626480086
"115","buried",NA,"EAP",0.000707365831154852
"116","business",NA,"EAP",0.00153775180685837
"117","call",0.000872064855786312,"EAP",0.00153775180685837
"118","called",0.00177642840993508,"EAP",0.00230662771028756
"119","candle",NA,"EAP",0.000522835614331847
"120","capital",NA,"EAP",0.000492080578194679
"121","captain",NA,"EAP",0.00101491619252653
"122","car",NA,"EAP",0.00138397662617254
"123","care",0.00167953231484771,"EAP",0.000799630939566354
"124","carefully",NA,"EAP",0.00110718130093803
"125","cat",NA,"EAP",0.000707365831154852
"126","caught",NA,"EAP",0.000553590650469014
"127","ceased",0.000613675268886664,"EAP",0.000768875903429187
"128","centre",NA,"EAP",0.000584345686606182
"129","chair",NA,"EAP",0.000768875903429187
"130","chamber",0.00064597396724912,"EAP",0.00233738274642473
"131","change",0.0027130906624463,"EAP",0.000799630939566354
"132","character",NA,"EAP",0.00316776872212825
"133","characters",NA,"EAP",0.000645855758880517
"134","chess",NA,"EAP",0.00104567122866369
"135","chief",0.000613675268886664,"EAP",0.000492080578194679
"136","child",0.00251929847227157,"EAP",0.000676610795017684
"137","circular",NA,"EAP",0.000553590650469014
"138","circumstance",0.000613675268886664,"EAP",0.000830385975703521
"139","circumstances",0.00119505183941087,"EAP",0.00181454713209288
"140","city",0.00155033752139789,"EAP",0.00190681224050438
"141","clock",NA,"EAP",0.000676610795017684
"142","close",0.00122735053777333,"EAP",0.00147624173458404
"143","closed",0.000775168760698944,"EAP",0.000922651084115024
"144","closely",NA,"EAP",0.000492080578194679
"145","coast",NA,"EAP",0.000492080578194679
"146","coffin",NA,"EAP",0.000553590650469014
"147","color",NA,"EAP",0.000891896047977856
"148","coming",0.00103355834759859,"EAP",0.000768875903429187
"149","committed",NA,"EAP",0.000891896047977856
"150","common",0.00096896095087368,"EAP",0.00101491619252653
"151","companion",0.00135654533122315,"EAP",0.000645855758880517
"152","company",0.000581376570524208,"EAP",0.0013224665538982
"153","compartment",NA,"EAP",0.000830385975703521
"154","complete",NA,"EAP",0.000584345686606182
"155","completely",NA,"EAP",0.000553590650469014
"156","comprehend",NA,"EAP",0.000830385975703521
"157","concealed",NA,"EAP",0.000615100722743349
"158","conceive",NA,"EAP",0.000645855758880517
"159","conceived",NA,"EAP",0.000584345686606182
"160","concluded",NA,"EAP",0.000522835614331847
"161","conclusion",NA,"EAP",0.000707365831154852
"162","condition",NA,"EAP",0.0014147316623097
"163","confess",NA,"EAP",0.000676610795017684
"164","confusion",NA,"EAP",0.000584345686606182
"165","connected",NA,"EAP",0.000492080578194679
"166","consequence",NA,"EAP",0.000738120867292019
"167","consequences",NA,"EAP",0.000522835614331847
"168","consideration",NA,"EAP",0.000676610795017684
"169","considered",0.000516779173799296,"EAP",0.00138397662617254
"170","contemplation",NA,"EAP",0.000615100722743349
"171","contents",NA,"EAP",0.000492080578194679
"172","continued",0.00193792190174736,"EAP",0.00199907734891589
"173","contrived",NA,"EAP",0.000615100722743349
"174","conversation",0.0008074674590614,"EAP",0.000922651084115024
"175","convey",NA,"EAP",0.000553590650469014
"176","corner",NA,"EAP",0.000830385975703521
"177","corpse",0.000581376570524208,"EAP",0.00199907734891589
"178","countenance",0.00232550628209683,"EAP",0.00159926187913271
"179","country",0.00348825942314525,"EAP",0.000707365831154852
"180","courage",0.00138884402958561,"EAP",0.000492080578194679
"181","crab",NA,"EAP",0.000522835614331847
"182","crossed",NA,"EAP",0.000492080578194679
"183","crowded",NA,"EAP",0.000522835614331847
"184","curiosity",0.000549077872161752,"EAP",0.000738120867292019
"185","current",NA,"EAP",0.000522835614331847
"186","cut",0.000516779173799296,"EAP",0.000984161156389359
"187","daily",0.000581376570524208,"EAP",0.000553590650469014
"188","danger",0.00125964923613578,"EAP",0.000676610795017684
"189","dark",0.00184102580665999,"EAP",0.00181454713209288
"190","darkness",0.00096896095087368,"EAP",0.000891896047977856
"191","dat",NA,"EAP",0.000707365831154852
"192","daughter",0.000839766157423856,"EAP",0.000645855758880517
"193","day",0.00652433706921611,"EAP",0.00535137628786714
"194","days",0.00264849326572139,"EAP",0.00252191296324773
"195","de",NA,"EAP",0.00409041980624327
"196","dead",0.00219631148864701,"EAP",0.00156850684299554
"197","dear",0.00345596072478279,"EAP",0.000768875903429187
"198","death",0.00620135008559155,"EAP",0.00304474857757958
"199","deep",0.0024224023771842,"EAP",0.00196832231277872
"200","degree",0.00122735053777333,"EAP",0.00159926187913271
"201","degrees",0.00064597396724912,"EAP",0.000953406120252191
"202","delicate",NA,"EAP",0.000615100722743349
"203","delight",0.00187332450502245,"EAP",0.000553590650469014
"204","demanded",NA,"EAP",0.000492080578194679
"205","departed",0.000581376570524208,"EAP",0.000768875903429187
"206","departure",0.000904363554148768,"EAP",0.000553590650469014
"207","deposited",NA,"EAP",0.000645855758880517
"208","des",NA,"EAP",0.000553590650469014
"209","descended",NA,"EAP",0.000492080578194679
"210","descent",NA,"EAP",0.00101491619252653
"211","describe",0.000581376570524208,"EAP",0.000615100722743349
"212","description",NA,"EAP",0.000522835614331847
"213","design",NA,"EAP",0.00159926187913271
"214","desire",0.00142114272794806,"EAP",0.000645855758880517
"215","despair",0.00316527243952069,"EAP",0.000799630939566354
"216","details",NA,"EAP",0.000676610795017684
"217","determined",0.00064597396724912,"EAP",0.000738120867292019
"218","diameter",NA,"EAP",0.000676610795017684
"219","diddle",NA,"EAP",0.000645855758880517
"220","diddler",NA,"EAP",0.000707365831154852
"221","die",0.0024224023771842,"EAP",0.000584345686606182
"222","died",0.00200251929847227,"EAP",0.000830385975703521
"223","difference",NA,"EAP",0.000492080578194679
"224","difficult",NA,"EAP",0.000830385975703521
"225","difficulty",0.000613675268886664,"EAP",0.00227587267415039
"226","dim",NA,"EAP",0.000553590650469014
"227","direct",NA,"EAP",0.000584345686606182
"228","direction",NA,"EAP",0.00129171151776103
"229","directly",NA,"EAP",0.000522835614331847
"230","discovered",0.00129194793449824,"EAP",0.00172228202368138
"231","discovery",0.000581376570524208,"EAP",0.00107642626480086
"232","distance",0.0008074674590614,"EAP",0.00153775180685837
"233","distinct",NA,"EAP",0.000984161156389359
"234","distinctly",NA,"EAP",0.000584345686606182
"235","distinguished",NA,"EAP",0.000553590650469014
"236","dog",NA,"EAP",0.000799630939566354
"237","door",0.00148574012467298,"EAP",0.00353682915577426
"238","doors",NA,"EAP",0.000768875903429187
"239","doubt",0.000710571363974032,"EAP",0.00326003383053975
"240","dr",NA,"EAP",0.000676610795017684
"241","drawer",NA,"EAP",0.000984161156389359
"242","drawing",NA,"EAP",0.000861141011840689
"243","drawn",0.000678272665611576,"EAP",0.000492080578194679
"244","dream",0.00122735053777333,"EAP",0.000953406120252191
"245","dreams",0.00096896095087368,"EAP",0.000676610795017684
"246","dress",0.000581376570524208,"EAP",0.000584345686606182
"247","dupin",NA,"EAP",0.00175303705981855
"248","duty",0.000742870062336488,"EAP",0.000492080578194679
"249","ear",NA,"EAP",0.000676610795017684
"250","ears",NA,"EAP",0.0012302014454867
"251","earth",0.00413423339039437,"EAP",0.00279870828848224
"252","easily",0.00100125964923614,"EAP",0.00110718130093803
"253","east",0.000613675268886664,"EAP",0.00101491619252653
"254","easy",NA,"EAP",0.000645855758880517
"255","ebony",NA,"EAP",0.000522835614331847
"256","edge",NA,"EAP",0.000615100722743349
"257","editor",NA,"EAP",0.000799630939566354
"258","effect",0.000516779173799296,"EAP",0.00159926187913271
"259","effort",NA,"EAP",0.000953406120252191
"260","elevation",NA,"EAP",0.000861141011840689
"261","ellison",NA,"EAP",0.000830385975703521
"262","employed",0.00064597396724912,"EAP",0.000584345686606182
"263","enabled",NA,"EAP",0.000738120867292019
"264","endeavor",NA,"EAP",0.000522835614331847
"265","endeavored",NA,"EAP",0.000645855758880517
"266","energy",0.000678272665611576,"EAP",0.000492080578194679
"267","engaged",0.00064597396724912,"EAP",0.000584345686606182
"268","english",0.00100125964923614,"EAP",0.000553590650469014
"269","entered",0.00219631148864701,"EAP",0.00159926187913271
"270","entertained",NA,"EAP",0.000522835614331847
"271","enthusiasm",0.000872064855786312,"EAP",0.000492080578194679
"272","entire",0.000516779173799296,"EAP",0.00150699677072121
"273","enveloped",NA,"EAP",0.000492080578194679
"274","epoch",NA,"EAP",0.000676610795017684
"275","equal",NA,"EAP",0.000922651084115024
"276","error",NA,"EAP",0.000492080578194679
"277","escape",0.000872064855786312,"EAP",0.000891896047977856
"278","evening",0.00158263621976034,"EAP",0.00104567122866369
"279","events",0.00096896095087368,"EAP",0.00104567122866369
"280","evidence",NA,"EAP",0.0014147316623097
"281","evident",NA,"EAP",0.00156850684299554
"282","evidently",NA,"EAP",0.000984161156389359
"283","evil",0.00203481799683473,"EAP",0.000768875903429187
"284","exact",NA,"EAP",0.000492080578194679
"285","exceedingly",NA,"EAP",0.00126095648162387
"286","excellent",0.000581376570524208,"EAP",0.000615100722743349
"287","exception",NA,"EAP",0.000615100722743349
"288","excessive",NA,"EAP",0.000492080578194679
"289","excessively",NA,"EAP",0.000615100722743349
"290","excited",0.000710571363974032,"EAP",0.00110718130093803
"291","excitement",NA,"EAP",0.000768875903429187
"292","exertion",NA,"EAP",0.000584345686606182
"293","exhibition",NA,"EAP",0.000492080578194679
"294","existed",NA,"EAP",0.000492080578194679
"295","existence",0.00177642840993508,"EAP",0.00116869137321236
"296","expected",0.000742870062336488,"EAP",0.000707365831154852
"297","experienced",0.000613675268886664,"EAP",0.000615100722743349
"298","explanation",NA,"EAP",0.000615100722743349
"299","expression",0.00116275314104842,"EAP",0.00144548669844687
"300","extended",NA,"EAP",0.000615100722743349
"301","extent",NA,"EAP",0.00135322159003537
"302","extraordinary",NA,"EAP",0.00107642626480086
"303","extreme",0.000775168760698944,"EAP",0.0011379363370752
"304","extremity",NA,"EAP",0.000615100722743349
"305","eye",0.0013242466328607,"EAP",0.00301399354144241
"306","eyes",0.00784858370207681,"EAP",0.00516684607104413
"307","fail",NA,"EAP",0.000799630939566354
"308","failed",NA,"EAP",0.000799630939566354
"309","fair",0.00103355834759859,"EAP",0.000615100722743349
"310","fairly",NA,"EAP",0.000615100722743349
"311","fall",0.000872064855786312,"EAP",0.000768875903429187
"312","fallen",0.000872064855786312,"EAP",0.000768875903429187
"313","falling",NA,"EAP",0.000553590650469014
"314","family",0.00142114272794806,"EAP",0.00126095648162387
"315","fancy",0.000678272665611576,"EAP",0.00119944640934953
"316","farther",NA,"EAP",0.00119944640934953
"317","fashion",NA,"EAP",0.000738120867292019
"318","fastened",NA,"EAP",0.000522835614331847
"319","fate",0.00145344142631052,"EAP",0.000615100722743349
"320","father",0.00558767481670489,"EAP",0.000553590650469014
"321","fear",0.00377894770840735,"EAP",0.000738120867292019
"322","fearful",0.00096896095087368,"EAP",0.000738120867292019
"323","features",NA,"EAP",0.000584345686606182
"324","feeble",NA,"EAP",0.000830385975703521
"325","feel",0.00316527243952069,"EAP",0.00129171151776103
"326","feeling",0.00235780498045929,"EAP",0.000922651084115024
"327","feelings",0.00300377894770841,"EAP",0.000707365831154852
"328","feet",0.000742870062336488,"EAP",0.00362909426418576
"329","fell",0.00148574012467298,"EAP",0.00239889281869906
"330","fellow",0.00158263621976034,"EAP",0.000984161156389359
"331","fifteen",NA,"EAP",0.000645855758880517
"332","fifty",NA,"EAP",0.00116869137321236
"333","figure",NA,"EAP",0.00181454713209288
"334","figures",NA,"EAP",0.000553590650469014
"335","filled",0.00197022060010982,"EAP",0.000861141011840689
"336","finally",NA,"EAP",0.00144548669844687
"337","finding",NA,"EAP",0.000522835614331847
"338","fine",NA,"EAP",0.0014147316623097
"339","fingers",NA,"EAP",0.000584345686606182
"340","fire",0.00174412971157262,"EAP",0.000953406120252191
"341","floor",NA,"EAP",0.0013224665538982
"342","flowers",0.00096896095087368,"EAP",0.000553590650469014
"343","fly",0.000613675268886664,"EAP",0.000553590650469014
"344","folly",NA,"EAP",0.000707365831154852
"345","fool",NA,"EAP",0.000553590650469014
"346","foot",NA,"EAP",0.00101491619252653
"347","force",0.000549077872161752,"EAP",0.00129171151776103
"348","forced",NA,"EAP",0.000676610795017684
"349","forehead",NA,"EAP",0.000522835614331847
"350","forever",0.000904363554148768,"EAP",0.000768875903429187
"351","forgotten",0.000678272665611576,"EAP",0.000799630939566354
"352","form",0.00206711669519718,"EAP",0.00206058742119022
"353","formed",0.00116275314104842,"EAP",0.00107642626480086
"354","forms",0.000581376570524208,"EAP",0.000615100722743349
"355","forthwith",NA,"EAP",0.000707365831154852
"356","fortune",0.000775168760698944,"EAP",0.000584345686606182
"357","forty",NA,"EAP",0.000861141011840689
"358","found",0.00461871386583121,"EAP",0.00707365831154852
"359","fourth",NA,"EAP",0.000768875903429187
"360","frame",0.00122735053777333,"EAP",0.000891896047977856
"361","french",NA,"EAP",0.000492080578194679
"362","frenchman",NA,"EAP",0.000492080578194679
"363","frequent",NA,"EAP",0.000553590650469014
"364","frequently",NA,"EAP",0.000799630939566354
"365","friend",0.00426342818384419,"EAP",0.00242964785483623
"366","friends",0.0024224023771842,"EAP",0.000738120867292019
"367","fro",NA,"EAP",0.000707365831154852
"368","front",NA,"EAP",0.000615100722743349
"369","fury",NA,"EAP",0.000615100722743349
"370","game",NA,"EAP",0.00107642626480086
"371","gang",NA,"EAP",0.000522835614331847
"372","gas",NA,"EAP",0.000738120867292019
"373","gazed",0.000549077872161752,"EAP",0.000738120867292019
"374","genius",0.000581376570524208,"EAP",0.000891896047977856
"375","gentle",0.00235780498045929,"EAP",0.000707365831154852
"376","gentleman",NA,"EAP",0.00175303705981855
"377","gentlemen",NA,"EAP",0.000830385975703521
"378","ghastly",NA,"EAP",0.000830385975703521
"379","gigantic",NA,"EAP",0.000768875903429187
"380","girl",0.00167953231484771,"EAP",0.000799630939566354
"381","giving",NA,"EAP",0.000738120867292019
"382","glance",NA,"EAP",0.000768875903429187
"383","glass",NA,"EAP",0.000830385975703521
"384","gloom",NA,"EAP",0.000615100722743349
"385","god",0.00138884402958561,"EAP",0.00159926187913271
"386","gold",NA,"EAP",0.00107642626480086
"387","grace",NA,"EAP",0.000768875903429187
"388","gradually",NA,"EAP",0.000645855758880517
"389","grave",0.00135654533122315,"EAP",0.000738120867292019
"390","greatly",NA,"EAP",0.000799630939566354
"391","green",NA,"EAP",0.000953406120252191
"392","grew",0.000936662252511224,"EAP",0.00159926187913271
"393","ground",0.00151803882303543,"EAP",0.00104567122866369
"394","ha",NA,"EAP",0.00104567122866369
"395","hair",0.000872064855786312,"EAP",0.0011379363370752
"396","half",0.00209941539355964,"EAP",0.00270644318007074
"397","hand",0.00332676593133297,"EAP",0.00409041980624327
"398","hands",0.00235780498045929,"EAP",0.0013224665538982
"399","happened",NA,"EAP",0.000738120867292019
"400","happiness",0.0032298698362456,"EAP",0.000522835614331847
"401","happy",0.00274538936080876,"EAP",0.000615100722743349
"402","head",0.00184102580665999,"EAP",0.00504382592649546
"403","health",0.00142114272794806,"EAP",0.000615100722743349
"404","hear",0.00142114272794806,"EAP",0.000615100722743349
"405","heard",0.00332676593133297,"EAP",0.0027371982162079
"406","heart",0.00846225897096347,"EAP",0.00292172843303091
"407","heaven",0.00180872710829754,"EAP",0.000891896047977856
"408","heavens",0.000581376570524208,"EAP",0.000584345686606182
"409","heavy",0.000872064855786312,"EAP",0.000861141011840689
"410","height",NA,"EAP",0.00129171151776103
"411","held",0.00100125964923614,"EAP",0.00104567122866369
"412","hesitation",NA,"EAP",0.000522835614331847
"413","hideous",NA,"EAP",0.000891896047977856
"414","hills",0.000613675268886664,"EAP",0.000645855758880517
"415","hitherto",NA,"EAP",0.000768875903429187
"416","hold",0.000742870062336488,"EAP",0.0014147316623097
"417","hole",NA,"EAP",0.000707365831154852
"418","holy",NA,"EAP",0.000492080578194679
"419","home",0.00167953231484771,"EAP",0.00184530216823005
"420","honor",NA,"EAP",0.000615100722743349
"421","hope",0.00458641516746875,"EAP",0.0011379363370752
"422","horizon",NA,"EAP",0.000707365831154852
"423","horrible",0.000516779173799296,"EAP",0.000584345686606182
"424","horror",0.00167953231484771,"EAP",0.00166077195140704
"425","hour",0.00155033752139789,"EAP",0.00212209749346455
"426","hours",0.00197022060010982,"EAP",0.00166077195140704
"427","house",0.00251929847227157,"EAP",0.00304474857757958
"428","houses",0.000549077872161752,"EAP",0.000492080578194679
"429","huge",NA,"EAP",0.00129171151776103
"430","human",0.00364975291495753,"EAP",0.00239889281869906
"431","humanity",0.000516779173799296,"EAP",0.000492080578194679
"432","hundred",NA,"EAP",0.00169152698754421
"433","hung",0.00064597396724912,"EAP",0.0012302014454867
"434","idea",0.00206711669519718,"EAP",0.00353682915577426
"435","ideas",0.00106585704596105,"EAP",0.000522835614331847
"436","identity",NA,"EAP",0.000553590650469014
"437","ill",0.00138884402958561,"EAP",0.000953406120252191
"438","imagination",0.00142114272794806,"EAP",0.000953406120252191
"439","imagine",NA,"EAP",0.000891896047977856
"440","imagined",NA,"EAP",0.000676610795017684
"441","immediately",0.000516779173799296,"EAP",0.00286021836075657
"442","immense",NA,"EAP",0.000553590650469014
"443","importance",NA,"EAP",0.000615100722743349
"444","impossible",0.000613675268886664,"EAP",0.00196832231277872
"445","impression",NA,"EAP",0.000615100722743349
"446","impressions",NA,"EAP",0.000522835614331847
"447","inches",NA,"EAP",0.00129171151776103
"448","increase",NA,"EAP",0.000492080578194679
"449","increased",0.00064597396724912,"EAP",0.000707365831154852
"450","individual",NA,"EAP",0.00138397662617254
"451","influence",0.00119505183941087,"EAP",0.000984161156389359
"452","information",NA,"EAP",0.000522835614331847
"453","ingenious",NA,"EAP",0.000492080578194679
"454","ingenuity",NA,"EAP",0.000522835614331847
"455","innumerable",NA,"EAP",0.000615100722743349
"456","instance",NA,"EAP",0.00110718130093803
"457","instant",NA,"EAP",0.00172228202368138
"458","intellect",NA,"EAP",0.000861141011840689
"459","intended",NA,"EAP",0.000676610795017684
"460","intense",0.000742870062336488,"EAP",0.000984161156389359
"461","interior",NA,"EAP",0.000922651084115024
"462","interrupted",NA,"EAP",0.000522835614331847
"463","intervals",NA,"EAP",0.000738120867292019
"464","invention",NA,"EAP",0.000553590650469014
"465","investigation",NA,"EAP",0.000615100722743349
"466","iron",NA,"EAP",0.000861141011840689
"467","island",NA,"EAP",0.000615100722743349
"468","john",NA,"EAP",0.000645855758880517
"469","joy",0.00261619456735894,"EAP",0.000492080578194679
"470","jupiter",NA,"EAP",0.00107642626480086
"471","key",NA,"EAP",0.000584345686606182
"472","king",0.00064597396724912,"EAP",0.000584345686606182
"473","knowledge",0.00171183101321017,"EAP",0.00107642626480086
"474","l'espanaye",NA,"EAP",0.000492080578194679
"475","l'etoile",NA,"EAP",0.000584345686606182
"476","la",NA,"EAP",0.000553590650469014
"477","labor",NA,"EAP",0.000553590650469014
"478","lady",0.000678272665611576,"EAP",0.00233738274642473
"479","lalande",NA,"EAP",0.000830385975703521
"480","land",0.00135654533122315,"EAP",0.000676610795017684
"481","language",0.0008074674590614,"EAP",0.000645855758880517
"482","late",0.000839766157423856,"EAP",0.00147624173458404
"483","laws",0.000581376570524208,"EAP",0.000492080578194679
"484","lay",0.00206711669519718,"EAP",0.00292172843303091
"485","le",NA,"EAP",0.0011379363370752
"486","leave",0.00203481799683473,"EAP",0.000707365831154852
"487","leaving",NA,"EAP",0.000891896047977856
"488","led",0.00174412971157262,"EAP",0.000861141011840689
"489","left",0.00290688285262104,"EAP",0.00430570505920344
"490","legrand",NA,"EAP",0.000830385975703521
"491","legs",NA,"EAP",0.000984161156389359
"492","length",0.00200251929847227,"EAP",0.00547439643241581
"493","letter",0.0013242466328607,"EAP",0.00163001691526988
"494","letters",0.000549077872161752,"EAP",0.000707365831154852
"495","lie",NA,"EAP",0.000522835614331847
"496","lies",NA,"EAP",0.000492080578194679
"497","life",0.010626271761248,"EAP",0.00319852375826542
"498","light",0.00284228545589613,"EAP",0.00332154390281409
"499","limb",NA,"EAP",0.000553590650469014
"500","limbs",0.00103355834759859,"EAP",0.000492080578194679
"501","line",NA,"EAP",0.0012302014454867
"502","lips",0.00171183101321017,"EAP",0.00104567122866369
"503","live",0.00171183101321017,"EAP",0.000522835614331847
"504","lived",0.00145344142631052,"EAP",0.000584345686606182
"505","living",0.00103355834759859,"EAP",0.000768875903429187
"506","lofty",NA,"EAP",0.000645855758880517
"507","lollipop",NA,"EAP",0.000738120867292019
"508","looked",0.0024224023771842,"EAP",0.00202983238505305
"509","lord",0.00180872710829754,"EAP",0.000492080578194679
"510","loss",0.000678272665611576,"EAP",0.000584345686606182
"511","lost",0.00303607764607086,"EAP",0.00156850684299554
"512","loud",NA,"EAP",0.000799630939566354
"513","love",0.00881754465295049,"EAP",0.00156850684299554
"514","low",0.000775168760698944,"EAP",0.00172228202368138
"515","lower",NA,"EAP",0.000615100722743349
"516","lying",NA,"EAP",0.000615100722743349
"517","machine",NA,"EAP",0.00178379209595571
"518","machinery",NA,"EAP",0.000768875903429187
"519","mad",0.000775168760698944,"EAP",0.000522835614331847
"520","madame",NA,"EAP",0.00227587267415039
"521","maelzel",NA,"EAP",0.000799630939566354
"522","magnificent",NA,"EAP",0.000707365831154852
"523","main",NA,"EAP",0.00181454713209288
"524","maintained",NA,"EAP",0.000615100722743349
"525","majesty",NA,"EAP",0.000553590650469014
"526","makes",NA,"EAP",0.000584345686606182
"527","mankind",0.000613675268886664,"EAP",0.000492080578194679
"528","manner",0.00151803882303543,"EAP",0.00350607411963709
"529","marble",NA,"EAP",0.000492080578194679
"530","marie",NA,"EAP",0.00138397662617254
"531","mass",NA,"EAP",0.000522835614331847
"532","massa",NA,"EAP",0.000676610795017684
"533","master",NA,"EAP",0.000738120867292019
"534","material",NA,"EAP",0.00101491619252653
"535","matter",NA,"EAP",0.00427495002306628
"536","matters",NA,"EAP",0.000768875903429187
"537","meaning",NA,"EAP",0.000861141011840689
"538","means",0.00122735053777333,"EAP",0.00341380901122559
"539","meantime",NA,"EAP",0.00116869137321236
"540","measure",NA,"EAP",0.000922651084115024
"541","meet",0.000872064855786312,"EAP",0.000492080578194679
"542","melancholy",0.00142114272794806,"EAP",0.000553590650469014
"543","memory",0.00100125964923614,"EAP",0.00119944640934953
"544","mental",NA,"EAP",0.000553590650469014
"545","mention",NA,"EAP",0.000522835614331847
"546","mentioned",0.000549077872161752,"EAP",0.00135322159003537
"547","mere",0.00064597396724912,"EAP",0.0026449331077964
"548","met",0.00096896095087368,"EAP",0.000799630939566354
"549","method",NA,"EAP",0.000615100722743349
"550","middle",NA,"EAP",0.000830385975703521
"551","midnight",NA,"EAP",0.000676610795017684
"552","miles",0.000581376570524208,"EAP",0.00101491619252653
"553","mille",NA,"EAP",0.000522835614331847
"554","mind",0.00523238913471787,"EAP",0.00402890973396894
"555","mine",0.00155033752139789,"EAP",0.000645855758880517
"556","minute",NA,"EAP",0.0012302014454867
"557","minutes",NA,"EAP",0.00215285252960172
"558","mirror",NA,"EAP",0.000615100722743349
"559","mistaken",NA,"EAP",0.000584345686606182
"560","mode",NA,"EAP",0.000584345686606182
"561","moment",0.00313297374115823,"EAP",0.00313701368599108
"562","moments",0.000742870062336488,"EAP",0.000615100722743349
"563","money",0.000516779173799296,"EAP",0.000799630939566354
"564","monsieur",NA,"EAP",0.00119944640934953
"565","month",0.000581376570524208,"EAP",0.000492080578194679
"566","months",0.00197022060010982,"EAP",0.000707365831154852
"567","moon",0.000839766157423856,"EAP",0.00169152698754421
"568","moral",NA,"EAP",0.000676610795017684
"569","morning",0.00174412971157262,"EAP",0.00193756727664155
"570","morrow",0.000549077872161752,"EAP",0.000584345686606182
"571","motion",0.00064597396724912,"EAP",0.0011379363370752
"572","motionless",NA,"EAP",0.000492080578194679
"573","mouth",NA,"EAP",0.00150699677072121
"574","move",NA,"EAP",0.000799630939566354
"575","moved",0.000678272665611576,"EAP",0.000492080578194679
"576","movement",NA,"EAP",0.000738120867292019
"577","movements",NA,"EAP",0.000522835614331847
"578","murder",0.000516779173799296,"EAP",0.0011379363370752
"579","music",0.00116275314104842,"EAP",0.000522835614331847
"580","mystery",NA,"EAP",0.000953406120252191
"581","narrow",NA,"EAP",0.000861141011840689
"582","natural",0.00103355834759859,"EAP",0.00190681224050438
"583","naturally",NA,"EAP",0.000645855758880517
"584","nature",0.00426342818384419,"EAP",0.00316776872212825
"585","necessarily",NA,"EAP",0.000492080578194679
"586","necessity",NA,"EAP",0.000922651084115024
"587","neck",NA,"EAP",0.000645855758880517
"588","nervous",NA,"EAP",0.000492080578194679
"589","night",0.00523238913471787,"EAP",0.00439797016761495
"590","noise",NA,"EAP",0.000615100722743349
"591","north",0.000678272665611576,"EAP",0.000522835614331847
"592","nose",NA,"EAP",0.00150699677072121
"593","notice",NA,"EAP",0.000676610795017684
"594","numerous",NA,"EAP",0.000553590650469014
"595","o'clock",NA,"EAP",0.00104567122866369
"596","object",0.00148574012467298,"EAP",0.00230662771028756
"597","objects",0.000872064855786312,"EAP",0.000830385975703521
"598","observation",NA,"EAP",0.00104567122866369
"599","observe",NA,"EAP",0.000615100722743349
"600","observed",0.0010981557443235,"EAP",0.00193756727664155
"601","obtained",NA,"EAP",0.000861141011840689
"602","obvious",NA,"EAP",0.000799630939566354
"603","occasion",0.000613675268886664,"EAP",0.000676610795017684
"604","occasionally",NA,"EAP",0.000553590650469014
"605","occasioned",NA,"EAP",0.000830385975703521
"606","occupied",0.00129194793449824,"EAP",0.000522835614331847
"607","occurred",NA,"EAP",0.0011379363370752
"608","ocean",0.00100125964923614,"EAP",0.000645855758880517
"609","odd",NA,"EAP",0.0011379363370752
"610","offered",NA,"EAP",0.000645855758880517
"611","office",NA,"EAP",0.000492080578194679
"612","oil",NA,"EAP",0.000584345686606182
"613","operations",NA,"EAP",0.000584345686606182
"614","opinion",NA,"EAP",0.0013224665538982
"615","opinions",NA,"EAP",0.000676610795017684
"616","oppodeldoc",NA,"EAP",0.000615100722743349
"617","opportunity",NA,"EAP",0.000522835614331847
"618","opposite",NA,"EAP",0.000584345686606182
"619","ordinary",NA,"EAP",0.00209134245732739
"620","origin",NA,"EAP",0.000492080578194679
"621","original",NA,"EAP",0.0014147316623097
"622","originally",NA,"EAP",0.000522835614331847
"623","overhead",NA,"EAP",0.000492080578194679
"624","page",NA,"EAP",0.000492080578194679
"625","paid",NA,"EAP",0.000615100722743349
"626","pain",0.00151803882303543,"EAP",0.000891896047977856
"627","palace",0.000742870062336488,"EAP",0.000676610795017684
"628","pale",0.000872064855786312,"EAP",0.000584345686606182
"629","paper",NA,"EAP",0.00156850684299554
"630","parchment",NA,"EAP",0.000707365831154852
"631","paris",NA,"EAP",0.000984161156389359
"632","partially",NA,"EAP",0.000522835614331847
"633","party",0.00064597396724912,"EAP",0.00138397662617254
"634","pass",0.000839766157423856,"EAP",0.000707365831154852
"635","passage",0.000581376570524208,"EAP",0.00104567122866369
"636","passed",0.00384354510513226,"EAP",0.00184530216823005
"637","passing",0.000516779173799296,"EAP",0.000615100722743349
"638","passion",0.00187332450502245,"EAP",0.000492080578194679
"639","past",0.00145344142631052,"EAP",0.000584345686606182
"640","path",0.00119505183941087,"EAP",0.000522835614331847
"641","patient",NA,"EAP",0.000522835614331847
"642","pay",NA,"EAP",0.000707365831154852
"643","peculiar",0.000516779173799296,"EAP",0.00147624173458404
"644","peculiarity",NA,"EAP",0.000492080578194679
"645","people",0.00116275314104842,"EAP",0.00129171151776103
"646","perceive",NA,"EAP",0.00159926187913271
"647","perceived",0.00106585704596105,"EAP",0.000953406120252191
"648","perceptible",NA,"EAP",0.000615100722743349
"649","perfect",0.000549077872161752,"EAP",0.00110718130093803
"650","perfectly",NA,"EAP",0.000676610795017684
"651","period",0.000872064855786312,"EAP",0.00279870828848224
"652","permitted",0.000775168760698944,"EAP",0.000645855758880517
"653","person",0.00119505183941087,"EAP",0.00326003383053975
"654","personal",NA,"EAP",0.000953406120252191
"655","persons",NA,"EAP",0.000984161156389359
"656","philosophy",0.000613675268886664,"EAP",0.000492080578194679
"657","physical",NA,"EAP",0.000861141011840689
"658","piece",NA,"EAP",0.0011379363370752
"659","pieces",NA,"EAP",0.000522835614331847
"660","play",NA,"EAP",0.000645855758880517
"661","player",NA,"EAP",0.000738120867292019
"662","pleasure",0.0019056232033849,"EAP",0.000768875903429187
"663","pocket",NA,"EAP",0.000953406120252191
"664","poet",NA,"EAP",0.000645855758880517
"665","police",NA,"EAP",0.000645855758880517
"666","pompey",NA,"EAP",0.000645855758880517
"667","poor",0.0027130906624463,"EAP",0.000645855758880517
"668","portion",0.000710571363974032,"EAP",0.00249115792711056
"669","position",NA,"EAP",0.00193756727664155
"670","positive",NA,"EAP",0.000738120867292019
"671","positively",NA,"EAP",0.000615100722743349
"672","possessed",0.00177642840993508,"EAP",0.000584345686606182
"673","possession",NA,"EAP",0.00110718130093803
"674","possibly",NA,"EAP",0.000615100722743349
"675","pot",NA,"EAP",0.000492080578194679
"676","pounds",NA,"EAP",0.000492080578194679
"677","power",0.00306837634443332,"EAP",0.00172228202368138
"678","powers",0.000904363554148768,"EAP",0.000522835614331847
"679","precise",NA,"EAP",0.000615100722743349
"680","precisely",NA,"EAP",0.0012302014454867
"681","prefect",NA,"EAP",0.000861141011840689
"682","prepared",0.000775168760698944,"EAP",0.000676610795017684
"683","presence",0.000936662252511224,"EAP",0.00104567122866369
"684","presently",NA,"EAP",0.000584345686606182
"685","prevent",NA,"EAP",0.000615100722743349
"686","principal",NA,"EAP",0.000553590650469014
"687","principle",NA,"EAP",0.0012302014454867
"688","private",NA,"EAP",0.000584345686606182
"689","proceed",NA,"EAP",0.000922651084115024
"690","proceeded",0.000839766157423856,"EAP",0.00150699677072121
"691","prodigious",NA,"EAP",0.000707365831154852
"692","produced",0.000549077872161752,"EAP",0.000584345686606182
"693","profound",NA,"EAP",0.00110718130093803
"694","progress",0.000872064855786312,"EAP",0.000707365831154852
"695","proper",NA,"EAP",0.0013224665538982
"696","properly",NA,"EAP",0.000984161156389359
"697","proportion",NA,"EAP",0.000984161156389359
"698","prove",NA,"EAP",0.000522835614331847
"699","proved",NA,"EAP",0.000707365831154852
"700","public",0.00064597396724912,"EAP",0.00107642626480086
"701","pure",NA,"EAP",0.000707365831154852
"702","purpose",0.00116275314104842,"EAP",0.00166077195140704
"703","purposes",NA,"EAP",0.000676610795017684
"704","putting",NA,"EAP",0.000676610795017684
"705","quantity",NA,"EAP",0.000891896047977856
"706","quarter",NA,"EAP",0.000492080578194679
"707","question",0.0008074674590614,"EAP",0.00279870828848224
"708","race",0.000581376570524208,"EAP",0.000522835614331847
"709","ran",NA,"EAP",0.000553590650469014
"710","rapid",NA,"EAP",0.000738120867292019
"711","rapidly",NA,"EAP",0.00104567122866369
"712","rare",NA,"EAP",0.000492080578194679
"713","rays",NA,"EAP",0.000584345686606182
"714","reach",0.000613675268886664,"EAP",0.000676610795017684
"715","reached",0.000839766157423856,"EAP",0.00110718130093803
"716","read",0.00180872710829754,"EAP",0.000738120867292019
"717","readily",NA,"EAP",0.000891896047977856
"718","reading",NA,"EAP",0.000522835614331847
"719","ready",0.000678272665611576,"EAP",0.000522835614331847
"720","real",0.000710571363974032,"EAP",0.000984161156389359
"721","rear",NA,"EAP",0.000553590650469014
"722","reason",0.00100125964923614,"EAP",0.00249115792711056
"723","received",0.0013242466328607,"EAP",0.00126095648162387
"724","recovered",0.000613675268886664,"EAP",0.000584345686606182
"725","red",NA,"EAP",0.0012302014454867
"726","reference",NA,"EAP",0.000768875903429187
"727","reflection",0.000742870062336488,"EAP",0.000768875903429187
"728","regard",0.00064597396724912,"EAP",0.00156850684299554
"729","regarded",NA,"EAP",0.00107642626480086
"730","region",NA,"EAP",0.000553590650469014
"731","regions",NA,"EAP",0.000522835614331847
"732","remain",0.00106585704596105,"EAP",0.000861141011840689
"733","remained",0.0019056232033849,"EAP",0.00153775180685837
"734","remarkable",NA,"EAP",0.0012302014454867
"735","remember",0.000678272665611576,"EAP",0.00150699677072121
"736","remembered",0.000775168760698944,"EAP",0.000615100722743349
"737","remote",NA,"EAP",0.000799630939566354
"738","removed",NA,"EAP",0.000522835614331847
"739","rendered",0.00116275314104842,"EAP",0.000861141011840689
"740","repeat",NA,"EAP",0.000615100722743349
"741","replied",0.00200251929847227,"EAP",0.00163001691526988
"742","reply",0.000516779173799296,"EAP",0.000861141011840689
"743","resolved",0.00151803882303543,"EAP",0.000707365831154852
"744","respect",NA,"EAP",0.0012302014454867
"745","rest",0.00180872710829754,"EAP",0.00101491619252653
"746","result",NA,"EAP",0.00150699677072121
"747","results",NA,"EAP",0.000492080578194679
"748","resumed",NA,"EAP",0.000492080578194679
"749","return",0.00326216853460806,"EAP",0.00126095648162387
"750","returned",0.00216401279028455,"EAP",0.000738120867292019
"751","reward",NA,"EAP",0.000707365831154852
"752","rich",0.000613675268886664,"EAP",0.000861141011840689
"753","rigid",NA,"EAP",0.000522835614331847
"754","rim",NA,"EAP",0.000492080578194679
"755","rise",0.000549077872161752,"EAP",0.000522835614331847
"756","river",0.000581376570524208,"EAP",0.00150699677072121
"757","rock",0.000516779173799296,"EAP",0.000553590650469014
"758","rogÃªt",NA,"EAP",0.000615100722743349
"759","rolled",NA,"EAP",0.000645855758880517
"760","rope",NA,"EAP",0.000830385975703521
"761","round",0.000936662252511224,"EAP",0.00153775180685837
"762","rue",NA,"EAP",0.000922651084115024
"763","run",NA,"EAP",0.000584345686606182
"764","rushing",NA,"EAP",0.000492080578194679
"765","sad",0.000839766157423856,"EAP",0.000584345686606182
"766","sake",0.00064597396724912,"EAP",0.000553590650469014
"767","sat",0.00171183101321017,"EAP",0.00144548669844687
"768","satisfaction",NA,"EAP",0.000492080578194679
"769","satisfied",0.000581376570524208,"EAP",0.000891896047977856
"770","save",0.000581376570524208,"EAP",0.000707365831154852
"771","scarcely",NA,"EAP",0.00199907734891589
"772","scene",0.00264849326572139,"EAP",0.00135322159003537
"773","science",0.000613675268886664,"EAP",0.000707365831154852
"774","sea",0.00261619456735894,"EAP",0.00193756727664155
"775","search",NA,"EAP",0.000922651084115024
"776","seat",NA,"EAP",0.000707365831154852
"777","secret",0.00116275314104842,"EAP",0.000953406120252191
"778","seized",0.000872064855786312,"EAP",0.000584345686606182
"779","sense",0.000904363554148768,"EAP",0.00193756727664155
"780","senses",0.000581376570524208,"EAP",0.000861141011840689
"781","sentence",NA,"EAP",0.000553590650469014
"782","sentiment",0.00064597396724912,"EAP",0.00101491619252653
"783","series",NA,"EAP",0.000707365831154852
"784","servant",0.000613675268886664,"EAP",0.000522835614331847
"785","served",NA,"EAP",0.000492080578194679
"786","set",0.00135654533122315,"EAP",0.00156850684299554
"787","shadow",0.000775168760698944,"EAP",0.00135322159003537
"788","shadows",NA,"EAP",0.000553590650469014
"789","shape",NA,"EAP",0.000615100722743349
"790","ship",NA,"EAP",0.00119944640934953
"791","shore",0.000581376570524208,"EAP",0.000891896047977856
"792","short",0.0013242466328607,"EAP",0.00153775180685837
"793","shrill",NA,"EAP",0.000492080578194679
"794","sight",0.00145344142631052,"EAP",0.00126095648162387
"795","silence",0.00155033752139789,"EAP",0.000768875903429187
"796","silk",NA,"EAP",0.000553590650469014
"797","silver",NA,"EAP",0.000645855758880517
"798","similar",NA,"EAP",0.00153775180685837
"799","simple",NA,"EAP",0.00116869137321236
"800","single",NA,"EAP",0.00153775180685837
"801","singular",NA,"EAP",0.00169152698754421
"802","singularly",NA,"EAP",0.000522835614331847
"803","sir",NA,"EAP",0.0014147316623097
"804","sitting",NA,"EAP",0.000615100722743349
"805","situation",0.00064597396724912,"EAP",0.000676610795017684
"806","size",NA,"EAP",0.00104567122866369
"807","skull",NA,"EAP",0.000799630939566354
"808","sleep",0.00158263621976034,"EAP",0.0011379363370752
"809","slight",0.00064597396724912,"EAP",0.0012302014454867
"810","slightest",NA,"EAP",0.000799630939566354
"811","slip",NA,"EAP",0.000492080578194679
"812","slowly",NA,"EAP",0.000676610795017684
"813","slumber",NA,"EAP",0.000553590650469014
"814","smile",0.00122735053777333,"EAP",0.000584345686606182
"815","smith",NA,"EAP",0.000861141011840689
"816","society",0.00151803882303543,"EAP",0.000522835614331847
"817","sole",0.000775168760698944,"EAP",0.00110718130093803
"818","solution",NA,"EAP",0.000738120867292019
"819","sorrow",0.00197022060010982,"EAP",0.000522835614331847
"820","soul",0.00371435031168244,"EAP",0.00239889281869906
"821","sound",0.00145344142631052,"EAP",0.00150699677072121
"822","sounds",0.000613675268886664,"EAP",0.000522835614331847
"823","space",NA,"EAP",0.000615100722743349
"824","speak",0.00174412971157262,"EAP",0.00190681224050438
"825","speaking",NA,"EAP",0.000799630939566354
"826","species",NA,"EAP",0.000676610795017684
"827","spectators",NA,"EAP",0.000615100722743349
"828","spirit",0.00371435031168244,"EAP",0.00212209749346455
"829","spoke",0.00200251929847227,"EAP",0.00175303705981855
"830","spoken",NA,"EAP",0.000768875903429187
"831","spot",0.00145344142631052,"EAP",0.000768875903429187
"832","spring",0.000904363554148768,"EAP",0.000492080578194679
"833","st",NA,"EAP",0.000799630939566354
"834","stage",NA,"EAP",0.000553590650469014
"835","stars",0.000581376570524208,"EAP",0.000492080578194679
"836","startling",NA,"EAP",0.000492080578194679
"837","steadily",NA,"EAP",0.000738120867292019
"838","step",0.00064597396724912,"EAP",0.00104567122866369
"839","steps",0.00116275314104842,"EAP",0.000861141011840689
"840","stone",NA,"EAP",0.000584345686606182
"841","stood",0.00155033752139789,"EAP",0.00206058742119022
"842","story",0.000678272665611576,"EAP",0.000676610795017684
"843","strange",0.00229320758373438,"EAP",0.0013224665538982
"844","street",NA,"EAP",0.000768875903429187
"845","streets",0.000678272665611576,"EAP",0.000553590650469014
"846","strength",0.00167953231484771,"EAP",0.000584345686606182
"847","strong",0.00064597396724912,"EAP",0.00101491619252653
"848","struck",0.0010981557443235,"EAP",0.000615100722743349
"849","struggled",NA,"EAP",0.000584345686606182
"850","style",NA,"EAP",0.000645855758880517
"851","subject",0.0010981557443235,"EAP",0.00178379209595571
"852","substance",NA,"EAP",0.000492080578194679
"853","succeeded",NA,"EAP",0.0011379363370752
"854","success",0.000904363554148768,"EAP",0.000584345686606182
"855","sudden",0.00064597396724912,"EAP",0.000553590650469014
"856","suddenly",0.00122735053777333,"EAP",0.00172228202368138
"857","suffered",0.00096896095087368,"EAP",0.000799630939566354
"858","sufficient",0.000775168760698944,"EAP",0.00129171151776103
"859","sufficiently",NA,"EAP",0.00147624173458404
"860","suggested",NA,"EAP",0.000553590650469014
"861","sum",NA,"EAP",0.000584345686606182
"862","summit",NA,"EAP",0.000584345686606182
"863","sun",0.0032298698362456,"EAP",0.0014147316623097
"864","sunday",NA,"EAP",0.000799630939566354
"865","suppose",NA,"EAP",0.00147624173458404
"866","supposed",NA,"EAP",0.00156850684299554
"867","surely",0.000516779173799296,"EAP",0.000492080578194679
"868","surface",NA,"EAP",0.00175303705981855
"869","surprise",NA,"EAP",0.000645855758880517
"870","suspicion",NA,"EAP",0.000799630939566354
"871","sweet",0.00203481799683473,"EAP",0.000707365831154852
"872","system",NA,"EAP",0.000953406120252191
"873","table",NA,"EAP",0.00153775180685837
"874","taking",0.00064597396724912,"EAP",0.0011379363370752
"875","talbot",NA,"EAP",0.000584345686606182
"876","tall",NA,"EAP",0.000830385975703521
"877","te",NA,"EAP",0.000553590650469014
"878","tea",NA,"EAP",0.000492080578194679
"879","teeth",NA,"EAP",0.000922651084115024
"880","ten",0.000516779173799296,"EAP",0.00163001691526988
"881","term",NA,"EAP",0.000830385975703521
"882","termed",NA,"EAP",0.000707365831154852
"883","terms",NA,"EAP",0.000615100722743349
"884","terrible",0.000581376570524208,"EAP",0.00107642626480086
"885","terror",0.000549077872161752,"EAP",0.00138397662617254
"886","thick",NA,"EAP",0.000522835614331847
"887","thicket",NA,"EAP",0.000738120867292019
"888","thinking",NA,"EAP",0.000615100722743349
"889","thirty",NA,"EAP",0.000553590650469014
"890","thou",0.00151803882303543,"EAP",0.000768875903429187
"891","thousand",0.00180872710829754,"EAP",0.00286021836075657
"892","threw",0.000872064855786312,"EAP",0.00107642626480086
"893","throat",NA,"EAP",0.000553590650469014
"894","throw",NA,"EAP",0.000522835614331847
"895","throwing",NA,"EAP",0.000676610795017684
"896","thrown",0.00064597396724912,"EAP",0.00172228202368138
"897","thrust",NA,"EAP",0.000553590650469014
"898","time",0.00746099932172733,"EAP",0.00799630939566354
"899","times",0.00142114272794806,"EAP",0.00166077195140704
"900","title",NA,"EAP",0.000553590650469014
"901","told",0.00135654533122315,"EAP",0.000984161156389359
"902","tone",NA,"EAP",0.000953406120252191
"903","tongue",NA,"EAP",0.000615100722743349
"904","top",NA,"EAP",0.000891896047977856
"905","topic",NA,"EAP",0.000768875903429187
"906","torn",NA,"EAP",0.000645855758880517
"907","total",NA,"EAP",0.000707365831154852
"908","town",0.00174412971157262,"EAP",0.000768875903429187
"909","trace",0.000516779173799296,"EAP",0.000492080578194679
"910","traces",NA,"EAP",0.000492080578194679
"911","treasure",NA,"EAP",0.000492080578194679
"912","tree",NA,"EAP",0.00138397662617254
"913","trees",0.0016149349181228,"EAP",0.000953406120252191
"914","trouble",NA,"EAP",0.00104567122866369
"915","true",0.00148574012467298,"EAP",0.0026449331077964
"916","truth",0.00151803882303543,"EAP",0.00233738274642473
"917","turk",NA,"EAP",0.000492080578194679
"918","twenty",NA,"EAP",0.00199907734891589
"919","ultimate",NA,"EAP",0.000584345686606182
"920","understand",0.000613675268886664,"EAP",0.00110718130093803
"921","understanding",0.000549077872161752,"EAP",0.000645855758880517
"922","understood",NA,"EAP",0.000799630939566354
"923","unknown",0.000710571363974032,"EAP",0.000922651084115024
"924","unusual",NA,"EAP",0.000861141011840689
"925","upper",NA,"EAP",0.000707365831154852
"926","upward",NA,"EAP",0.000522835614331847
"927","urged",0.000581376570524208,"EAP",0.000522835614331847
"928","usual",0.000904363554148768,"EAP",0.00156850684299554
"929","utterly",0.000581376570524208,"EAP",0.00126095648162387
"930","vague",NA,"EAP",0.000799630939566354
"931","vain",0.00100125964923614,"EAP",0.000861141011840689
"932","valdemar",NA,"EAP",0.000584345686606182
"933","valley",NA,"EAP",0.000738120867292019
"934","vast",0.000775168760698944,"EAP",0.00184530216823005
"935","velocity",NA,"EAP",0.000645855758880517
"936","vicinity",NA,"EAP",0.000922651084115024
"937","view",0.000904363554148768,"EAP",0.00221436260187606
"938","violence",0.00064597396724912,"EAP",0.000676610795017684
"939","violent",0.000613675268886664,"EAP",0.000615100722743349
"940","visible",NA,"EAP",0.000891896047977856
"941","vision",NA,"EAP",0.00119944640934953
"942","vivid",NA,"EAP",0.000553590650469014
"943","voice",0.00390814250185718,"EAP",0.00298323850530524
"944","voices",NA,"EAP",0.000492080578194679
"945","von",NA,"EAP",0.000891896047977856
"946","voyage",NA,"EAP",0.000768875903429187
"947","wall",NA,"EAP",0.00159926187913271
"948","walls",0.000775168760698944,"EAP",0.00119944640934953
"949","watch",0.000678272665611576,"EAP",0.000553590650469014
"950","water",0.000839766157423856,"EAP",0.00322927879440258
"951","waters",0.000936662252511224,"EAP",0.000492080578194679
"952","weakness",NA,"EAP",0.000492080578194679
"953","week",NA,"EAP",0.000830385975703521
"954","weeks",0.000516779173799296,"EAP",0.000645855758880517
"955","weight",0.00064597396724912,"EAP",0.000891896047977856
"956","west",NA,"EAP",0.000553590650469014
"957","white",0.000775168760698944,"EAP",0.00116869137321236
"958","wide",0.00113045444268596,"EAP",0.00101491619252653
"959","wife",0.000613675268886664,"EAP",0.00129171151776103
"960","wild",0.00171183101321017,"EAP",0.00184530216823005
"961","wilson",NA,"EAP",0.000492080578194679
"962","wind",0.00171183101321017,"EAP",0.000922651084115024
"963","window",0.000549077872161752,"EAP",0.00107642626480086
"964","windows",NA,"EAP",0.00101491619252653
"965","wine",NA,"EAP",0.000922651084115024
"966","woman",0.00096896095087368,"EAP",0.000768875903429187
"967","wonderful",NA,"EAP",0.000676610795017684
"968","wood",0.00103355834759859,"EAP",0.000492080578194679
"969","word",0.00155033752139789,"EAP",0.00236813778256189
"970","words",0.00452181777074384,"EAP",0.00353682915577426
"971","world",0.00384354510513226,"EAP",0.00292172843303091
"972","write",0.000549077872161752,"EAP",0.000861141011840689
"973","writer",NA,"EAP",0.000522835614331847
"974","written",NA,"EAP",0.000676610795017684
"975","wrong",NA,"EAP",0.000522835614331847
"976","wyatt",NA,"EAP",0.000553590650469014
"977","abaout",NA,"HPL",0.0010174665083941
"978","abnormal",NA,"HPL",0.00072070544344582
"979","abysses",NA,"HPL",0.00110225538409361
"980","account",0.00113045444268596,"HPL",0.00105986094624385
"981","accursed",NA,"HPL",0.00131422757334238
"982","action",0.000581376570524208,"HPL",0.000847888756995082
"983","actual",NA,"HPL",0.000763099881295574
"984","afraid",NA,"HPL",0.000805494319145328
"985","afternoon",NA,"HPL",0.00152619976259115
"986","afterward",NA,"HPL",0.00131422757334238
"987","age",0.00119505183941087,"HPL",0.00178056638968967
"988","aged",NA,"HPL",0.00118704425979312
"989","ago",NA,"HPL",0.00135662201119213
"990","ahead",NA,"HPL",0.00173817195183992
"991","aid",0.000516779173799296,"HPL",0.000678311005596066
"992","air",0.00280998675753367,"HPL",0.00211972189248771
"993","aira",NA,"HPL",0.000805494319145328
"994","alive",0.000710571363974032,"HPL",0.00139901644904189
"995","amidst",NA,"HPL",0.00161098863829066
"996","ancient",0.00064597396724912,"HPL",0.00521451585551976
"997","animals",NA,"HPL",0.00072070544344582
"998","antique",NA,"HPL",0.00093267763269459
"999","aout",NA,"HPL",0.00173817195183992
"1000","apparently",0.000516779173799296,"HPL",0.00122943869764287
"1001","appeared",0.00284228545589613,"HPL",0.00190774970323894
"1002","approached",0.00096896095087368,"HPL",0.000890283194844836
"1003","april",NA,"HPL",0.000678311005596066
"1004","arkham",NA,"HPL",0.00245887739528574
"1005","armitage",NA,"HPL",0.00139901644904189
"1006","arms",0.00158263621976034,"HPL",0.00093267763269459
"1007","art",NA,"HPL",0.000678311005596066
"1008","arthur",NA,"HPL",0.00093267763269459
"1009","aspect",NA,"HPL",0.00118704425979312
"1010","atal",NA,"HPL",0.000678311005596066
"1011","attention",0.0010981557443235,"HPL",0.000763099881295574
"1012","attic",NA,"HPL",0.00118704425979312
"1013","autumn",NA,"HPL",0.00072070544344582
"1014","awaked",NA,"HPL",0.000763099881295574
"1015","awful",NA,"HPL",0.00110225538409361
"1016","bad",NA,"HPL",0.000847888756995082
"1017","barry",NA,"HPL",0.00072070544344582
"1018","barzai",NA,"HPL",0.000763099881295574
"1019","bear",0.000742870062336488,"HPL",0.000678311005596066
"1020","beard",NA,"HPL",0.00072070544344582
"1021","bearded",NA,"HPL",0.00127183313549262
"1022","bearing",NA,"HPL",0.000805494319145328
"1023","beauty",0.00255159717063402,"HPL",0.00114464982194336
"1024","beginning",NA,"HPL",0.000763099881295574
"1025","begun",NA,"HPL",0.0010174665083941
"1026","beheld",0.00125964923613578,"HPL",0.00118704425979312
"1027","believed",0.000549077872161752,"HPL",0.000805494319145328
"1028","ben",NA,"HPL",0.000805494319145328
"1029","beneath",0.00116275314104842,"HPL",0.00207732745463795
"1030","bent",0.00103355834759859,"HPL",0.000805494319145328
"1031","birch",NA,"HPL",0.0010174665083941
"1032","bit",NA,"HPL",0.000763099881295574
"1033","black",0.00064597396724912,"HPL",0.00504493810412074
"1034","blasphemous",NA,"HPL",0.000678311005596066
"1035","blood",0.00138884402958561,"HPL",0.00169577751399016
"1036","blue",0.000710571363974032,"HPL",0.00144141088689164
"1037","boat",0.00096896095087368,"HPL",0.00072070544344582
"1038","bodies",NA,"HPL",0.000890283194844836
"1039","body",0.000839766157423856,"HPL",0.00309479396303205
"1040","bog",NA,"HPL",0.000763099881295574
"1041","book",NA,"HPL",0.0015685942004409
"1042","books",0.000775168760698944,"HPL",0.00178056638968967
"1043","bore",0.000613675268886664,"HPL",0.0010174665083941
"1044","born",0.000936662252511224,"HPL",0.00169577751399016
"1045","boston",NA,"HPL",0.00072070544344582
"1046","bottom",NA,"HPL",0.000890283194844836
"1047","box",NA,"HPL",0.000975072070544345
"1048","boy",0.000613675268886664,"HPL",0.0015685942004409
"1049","brain",NA,"HPL",0.00139901644904189
"1050","brick",NA,"HPL",0.00127183313549262
"1051","bridge",NA,"HPL",0.000975072070544345
"1052","broke",NA,"HPL",0.000805494319145328
"1053","broken",0.00113045444268596,"HPL",0.00105986094624385
"1054","brought",0.00180872710829754,"HPL",0.00241648295743598
"1055","brown",NA,"HPL",0.00122943869764287
"1056","building",NA,"HPL",0.000847888756995082
"1057","built",0.000516779173799296,"HPL",0.000975072070544345
"1058","buried",NA,"HPL",0.000975072070544345
"1059","burst",0.000516779173799296,"HPL",0.00093267763269459
"1060","bus",NA,"HPL",0.000805494319145328
"1061","business",NA,"HPL",0.00072070544344582
"1062","call",0.000872064855786312,"HPL",0.00139901644904189
"1063","called",0.00177642840993508,"HPL",0.00182296082753943
"1064","care",0.00167953231484771,"HPL",0.00105986094624385
"1065","carried",0.000549077872161752,"HPL",0.00110225538409361
"1066","carter",NA,"HPL",0.00118704425979312
"1067","carven",NA,"HPL",0.000678311005596066
"1068","cast",0.00164723361648526,"HPL",0.00110225538409361
"1069","castle",0.0010981557443235,"HPL",0.00105986094624385
"1070","cats",NA,"HPL",0.000678311005596066
"1071","caught",NA,"HPL",0.000763099881295574
"1072","caused",0.00119505183941087,"HPL",0.00127183313549262
"1073","ceased",0.000613675268886664,"HPL",0.000678311005596066
"1074","cellar",NA,"HPL",0.00169577751399016
"1075","centuries",NA,"HPL",0.000975072070544345
"1076","century",NA,"HPL",0.00135662201119213
"1077","chair",NA,"HPL",0.00072070544344582
"1078","chamber",0.00064597396724912,"HPL",0.000847888756995082
"1079","chance",NA,"HPL",0.00105986094624385
"1080","change",0.0027130906624463,"HPL",0.00110225538409361
"1081","changed",0.00158263621976034,"HPL",0.00093267763269459
"1082","chaos",NA,"HPL",0.000847888756995082
"1083","child",0.00251929847227157,"HPL",0.00093267763269459
"1084","children",0.00232550628209683,"HPL",0.00110225538409361
"1085","church",NA,"HPL",0.00127183313549262
"1086","cities",NA,"HPL",0.00110225538409361
"1087","city",0.00155033752139789,"HPL",0.00483296591487197
"1088","climb",NA,"HPL",0.00072070544344582
"1089","climbed",NA,"HPL",0.000678311005596066
"1090","close",0.00122735053777333,"HPL",0.00195014414108869
"1091","closed",0.000775168760698944,"HPL",0.00105986094624385
"1092","clouds",0.000839766157423856,"HPL",0.000763099881295574
"1093","cold",0.00197022060010982,"HPL",0.00152619976259115
"1094","college",NA,"HPL",0.00122943869764287
"1095","coming",0.00103355834759859,"HPL",0.00118704425979312
"1096","commenced",NA,"HPL",0.00072070544344582
"1097","common",0.00096896095087368,"HPL",0.00122943869764287
"1098","complete",NA,"HPL",0.000763099881295574
"1099","connected",NA,"HPL",0.000763099881295574
"1100","consciousness",NA,"HPL",0.00093267763269459
"1101","continued",0.00193792190174736,"HPL",0.000847888756995082
"1102","corner",NA,"HPL",0.00114464982194336
"1103","corpse",0.000581376570524208,"HPL",0.000678311005596066
"1104","country",0.00348825942314525,"HPL",0.00114464982194336
"1105","countryside",NA,"HPL",0.00072070544344582
"1106","covered",0.000839766157423856,"HPL",0.00122943869764287
"1107","creatures",0.00122735053777333,"HPL",0.000763099881295574
"1108","crowd",0.00064597396724912,"HPL",0.00072070544344582
"1109","crumbling",NA,"HPL",0.000805494319145328
"1110","cthulhu",NA,"HPL",0.000678311005596066
"1111","cult",NA,"HPL",0.00110225538409361
"1112","curiosity",0.000549077872161752,"HPL",0.000890283194844836
"1113","curious",NA,"HPL",0.00228929964388672
"1114","curiously",NA,"HPL",0.00093267763269459
"1115","cut",0.000516779173799296,"HPL",0.00127183313549262
"1116","daemon",NA,"HPL",0.000763099881295574
"1117","daemoniac",NA,"HPL",0.000678311005596066
"1118","damp",NA,"HPL",0.000763099881295574
"1119","daown",NA,"HPL",0.00093267763269459
"1120","dare",0.000936662252511224,"HPL",0.000805494319145328
"1121","dared",0.000936662252511224,"HPL",0.00093267763269459
"1122","dark",0.00184102580665999,"HPL",0.00453620484992369
"1123","darkness",0.00096896095087368,"HPL",0.00152619976259115
"1124","dawn",NA,"HPL",0.000847888756995082
"1125","day",0.00652433706921611,"HPL",0.00593522129896558
"1126","days",0.00264849326572139,"HPL",0.00237408851958623
"1127","dead",0.00219631148864701,"HPL",0.00356113277937935
"1128","death",0.00620135008559155,"HPL",0.00377310496862812
"1129","decay",NA,"HPL",0.00072070544344582
"1130","decided",NA,"HPL",0.00093267763269459
"1131","deep",0.0024224023771842,"HPL",0.00220451076818721
"1132","deeper",NA,"HPL",0.000678311005596066
"1133","depths",NA,"HPL",0.00072070544344582
"1134","describe",0.000581376570524208,"HPL",0.000763099881295574
"1135","deserted",0.000904363554148768,"HPL",0.00165338307614041
"1136","devil",NA,"HPL",0.00072070544344582
"1137","died",0.00200251929847227,"HPL",0.00161098863829066
"1138","dim",NA,"HPL",0.000763099881295574
"1139","direction",NA,"HPL",0.00122943869764287
"1140","disappeared",NA,"HPL",0.000763099881295574
"1141","distance",0.0008074674590614,"HPL",0.00122943869764287
"1142","distant",0.000678272665611576,"HPL",0.00237408851958623
"1143","disturbed",0.000516779173799296,"HPL",0.00072070544344582
"1144","doctor",NA,"HPL",0.00110225538409361
"1145","dogs",NA,"HPL",0.000678311005596066
"1146","door",0.00148574012467298,"HPL",0.00602001017466508
"1147","doubt",0.000710571363974032,"HPL",0.00131422757334238
"1148","dr",NA,"HPL",0.00275563846023402
"1149","dread",0.000549077872161752,"HPL",0.000763099881295574
"1150","dreaded",NA,"HPL",0.00072070544344582
"1151","dream",0.00122735053777333,"HPL",0.00322197727658131
"1152","dreamed",NA,"HPL",0.00072070544344582
"1153","dreams",0.00096896095087368,"HPL",0.0041546549092759
"1154","drew",0.0010981557443235,"HPL",0.00114464982194336
"1155","dropped",NA,"HPL",0.00093267763269459
"1156","dunwich",NA,"HPL",0.00110225538409361
"1157","dwelt",NA,"HPL",0.00131422757334238
"1158","ears",NA,"HPL",0.000975072070544345
"1159","earth",0.00413423339039437,"HPL",0.00364592165507885
"1160","earth's",NA,"HPL",0.00072070544344582
"1161","east",0.000613675268886664,"HPL",0.00105986094624385
"1162","edge",NA,"HPL",0.000847888756995082
"1163","ef",NA,"HPL",0.000805494319145328
"1164","effect",0.000516779173799296,"HPL",0.000805494319145328
"1165","elder",NA,"HPL",0.000847888756995082
"1166","electric",NA,"HPL",0.000847888756995082
"1167","elwood",NA,"HPL",0.000847888756995082
"1168","em",NA,"HPL",0.00165338307614041
"1169","england",0.0029391815509835,"HPL",0.000678311005596066
"1170","english",0.00100125964923614,"HPL",0.00072070544344582
"1171","entered",0.00219631148864701,"HPL",0.00105986094624385
"1172","escape",0.000872064855786312,"HPL",0.00122943869764287
"1173","evening",0.00158263621976034,"HPL",0.00165338307614041
"1174","evidently",NA,"HPL",0.0010174665083941
"1175","evil",0.00203481799683473,"HPL",0.00161098863829066
"1176","exceedingly",NA,"HPL",0.00072070544344582
"1177","excited",0.000710571363974032,"HPL",0.000847888756995082
"1178","existence",0.00177642840993508,"HPL",0.0010174665083941
"1179","expected",0.000742870062336488,"HPL",0.0010174665083941
"1180","experience",NA,"HPL",0.000805494319145328
"1181","expression",0.00116275314104842,"HPL",0.00118704425979312
"1182","eye",0.0013242466328607,"HPL",0.00118704425979312
"1183","eyed",NA,"HPL",0.000763099881295574
"1184","eyes",0.00784858370207681,"HPL",0.00546888248261828
"1185","faint",NA,"HPL",0.0020349330167882
"1186","fallen",0.000872064855786312,"HPL",0.0010174665083941
"1187","familiar",NA,"HPL",0.00114464982194336
"1188","family",0.00142114272794806,"HPL",0.00216211633033746
"1189","fancied",NA,"HPL",0.000975072070544345
"1190","fancy",0.000678272665611576,"HPL",0.0010174665083941
"1191","fantastic",NA,"HPL",0.000890283194844836
"1192","fashion",NA,"HPL",0.000805494319145328
"1193","father",0.00558767481670489,"HPL",0.00165338307614041
"1194","fear",0.00377894770840735,"HPL",0.00419704934712566
"1195","feared",0.00100125964923614,"HPL",0.000847888756995082
"1196","fears",0.00096896095087368,"HPL",0.000975072070544345
"1197","features",NA,"HPL",0.00110225538409361
"1198","feeble",NA,"HPL",0.000805494319145328
"1199","feel",0.00316527243952069,"HPL",0.0010174665083941
"1200","feet",0.000742870062336488,"HPL",0.00207732745463795
"1201","fell",0.00148574012467298,"HPL",0.00139901644904189
"1202","fellow",0.00158263621976034,"HPL",0.00122943869764287
"1203","fer",NA,"HPL",0.000975072070544345
"1204","field",0.000613675268886664,"HPL",0.000678311005596066
"1205","figure",NA,"HPL",0.000847888756995082
"1206","figures",NA,"HPL",0.000763099881295574
"1207","filled",0.00197022060010982,"HPL",0.000890283194844836
"1208","final",NA,"HPL",0.000805494319145328
"1209","finally",NA,"HPL",0.00178056638968967
"1210","finding",NA,"HPL",0.00072070544344582
"1211","fire",0.00174412971157262,"HPL",0.0010174665083941
"1212","fish",NA,"HPL",0.00110225538409361
"1213","flame",NA,"HPL",0.000847888756995082
"1214","floor",NA,"HPL",0.00368831609292861
"1215","folk",NA,"HPL",0.00152619976259115
"1216","folks",NA,"HPL",0.0015685942004409
"1217","forbidden",NA,"HPL",0.000890283194844836
"1218","force",0.000549077872161752,"HPL",0.0010174665083941
"1219","forced",NA,"HPL",0.000763099881295574
"1220","forest",0.00103355834759859,"HPL",0.000763099881295574
"1221","forgotten",0.000678272665611576,"HPL",0.00118704425979312
"1222","form",0.00206711669519718,"HPL",0.00237408851958623
"1223","formed",0.00116275314104842,"HPL",0.00122943869764287
"1224","forms",0.000581376570524208,"HPL",0.0010174665083941
"1225","found",0.00461871386583121,"HPL",0.00788536544005427
"1226","frantic",NA,"HPL",0.00105986094624385
"1227","free",0.0010981557443235,"HPL",0.000890283194844836
"1228","frequent",NA,"HPL",0.000678311005596066
"1229","fresh",0.000678272665611576,"HPL",0.00182296082753943
"1230","friend",0.00426342818384419,"HPL",0.00250127183313549
"1231","fright",NA,"HPL",0.00122943869764287
"1232","frightened",NA,"HPL",0.00105986094624385
"1233","frightful",NA,"HPL",0.00190774970323894
"1234","front",NA,"HPL",0.0010174665083941
"1235","furtive",NA,"HPL",0.000805494319145328
"1236","gardens",NA,"HPL",0.000975072070544345
"1237","garret",NA,"HPL",0.00072070544344582
"1238","gate",NA,"HPL",0.000975072070544345
"1239","gentle",0.00235780498045929,"HPL",0.000678311005596066
"1240","german",NA,"HPL",0.000763099881295574
"1241","ghastly",NA,"HPL",0.000805494319145328
"1242","gigantic",NA,"HPL",0.000805494319145328
"1243","gilman",NA,"HPL",0.00271324402238426
"1244","git",NA,"HPL",0.000847888756995082
"1245","glad",NA,"HPL",0.00093267763269459
"1246","glance",NA,"HPL",0.000805494319145328
"1247","glass",NA,"HPL",0.0010174665083941
"1248","glen",NA,"HPL",0.000763099881295574
"1249","glimpse",NA,"HPL",0.000805494319145328
"1250","glimpsed",NA,"HPL",0.00072070544344582
"1251","glow",NA,"HPL",0.000678311005596066
"1252","god",0.00138884402958561,"HPL",0.00144141088689164
"1253","gods",NA,"HPL",0.00245887739528574
"1254","gold",NA,"HPL",0.00114464982194336
"1255","golden",NA,"HPL",0.00127183313549262
"1256","gradually",NA,"HPL",0.000847888756995082
"1257","grandfather",NA,"HPL",0.000763099881295574
"1258","grave",0.00135654533122315,"HPL",0.00131422757334238
"1259","green",NA,"HPL",0.00245887739528574
"1260","grew",0.000936662252511224,"HPL",0.00275563846023402
"1261","grey",NA,"HPL",0.00207732745463795
"1262","grotesque",NA,"HPL",0.00110225538409361
"1263","ground",0.00151803882303543,"HPL",0.00207732745463795
"1264","grove",NA,"HPL",0.00072070544344582
"1265","growing",NA,"HPL",0.000763099881295574
"1266","grown",NA,"HPL",0.000975072070544345
"1267","guess",NA,"HPL",0.0010174665083941
"1268","hair",0.000872064855786312,"HPL",0.000975072070544345
"1269","half",0.00209941539355964,"HPL",0.0046209937256232
"1270","hall",NA,"HPL",0.00152619976259115
"1271","hand",0.00332676593133297,"HPL",0.00237408851958623
"1272","hands",0.00235780498045929,"HPL",0.00182296082753943
"1273","happened",NA,"HPL",0.000805494319145328
"1274","harbour",NA,"HPL",0.000805494319145328
"1275","hard",0.000742870062336488,"HPL",0.000847888756995082
"1276","harris",NA,"HPL",0.00093267763269459
"1277","hatheg",NA,"HPL",0.00072070544344582
"1278","haunted",NA,"HPL",0.00139901644904189
"1279","head",0.00184102580665999,"HPL",0.00334916059013057
"1280","hear",0.00142114272794806,"HPL",0.00173817195183992
"1281","heard",0.00332676593133297,"HPL",0.00737663218585722
"1282","heaven",0.00180872710829754,"HPL",0.000847888756995082
"1283","heavy",0.000872064855786312,"HPL",0.00152619976259115
"1284","heerd",NA,"HPL",0.000763099881295574
"1285","heh",NA,"HPL",0.00105986094624385
"1286","height",NA,"HPL",0.000890283194844836
"1287","held",0.00100125964923614,"HPL",0.00207732745463795
"1288","hellish",NA,"HPL",0.0010174665083941
"1289","hidden",NA,"HPL",0.00152619976259115
"1290","hideous",NA,"HPL",0.00339155502798033
"1291","hill",NA,"HPL",0.00292521621163303
"1292","hills",0.000613675268886664,"HPL",0.00182296082753943
"1293","hillside",NA,"HPL",0.00072070544344582
"1294","hint",NA,"HPL",0.000805494319145328
"1295","hold",0.000742870062336488,"HPL",0.000678311005596066
"1296","home",0.00167953231484771,"HPL",0.00241648295743598
"1297","hope",0.00458641516746875,"HPL",0.000678311005596066
"1298","horizon",NA,"HPL",0.000763099881295574
"1299","horrible",0.000516779173799296,"HPL",0.00199253857893844
"1300","horribly",NA,"HPL",0.000678311005596066
"1301","horror",0.00167953231484771,"HPL",0.00390028828217738
"1302","horrors",NA,"HPL",0.000805494319145328
"1303","host",NA,"HPL",0.000805494319145328
"1304","hour",0.00155033752139789,"HPL",0.00186535526538918
"1305","hours",0.00197022060010982,"HPL",0.00241648295743598
"1306","house",0.00251929847227157,"HPL",0.00797015431575377
"1307","houses",0.000549077872161752,"HPL",0.00279803289808377
"1308","huge",NA,"HPL",0.000678311005596066
"1309","human",0.00364975291495753,"HPL",0.00351873834152959
"1310","ice",0.00119505183941087,"HPL",0.000847888756995082
"1311","idea",0.00206711669519718,"HPL",0.000678311005596066
"1312","image",NA,"HPL",0.00105986094624385
"1313","imagination",0.00142114272794806,"HPL",0.00131422757334238
"1314","impossible",0.000613675268886664,"HPL",0.000678311005596066
"1315","impression",NA,"HPL",0.000890283194844836
"1316","impressions",NA,"HPL",0.00072070544344582
"1317","innsmouth",NA,"HPL",0.00250127183313549
"1318","instant",NA,"HPL",0.000763099881295574
"1319","iranon",NA,"HPL",0.00110225538409361
"1320","iron",NA,"HPL",0.000805494319145328
"1321","island",NA,"HPL",0.00139901644904189
"1322","jermyn",NA,"HPL",0.00161098863829066
"1323","joe",NA,"HPL",0.000847888756995082
"1324","johansen",NA,"HPL",0.000805494319145328
"1325","kalos",NA,"HPL",0.00072070544344582
"1326","key",NA,"HPL",0.00144141088689164
"1327","kin",NA,"HPL",0.000678311005596066
"1328","king",0.00064597396724912,"HPL",0.000678311005596066
"1329","kingsport",NA,"HPL",0.000975072070544345
"1330","knowledge",0.00171183101321017,"HPL",0.00093267763269459
"1331","laboratory",NA,"HPL",0.000975072070544345
"1332","lake",0.000904363554148768,"HPL",0.00072070544344582
"1333","land",0.00135654533122315,"HPL",0.00228929964388672
"1334","language",0.0008074674590614,"HPL",0.000678311005596066
"1335","late",0.000839766157423856,"HPL",0.00131422757334238
"1336","laughed",NA,"HPL",0.000847888756995082
"1337","lay",0.00206711669519718,"HPL",0.00241648295743598
"1338","leading",NA,"HPL",0.00093267763269459
"1339","learned",NA,"HPL",0.00127183313549262
"1340","leave",0.00203481799683473,"HPL",0.00093267763269459
"1341","leaving",NA,"HPL",0.00072070544344582
"1342","led",0.00174412971157262,"HPL",0.00169577751399016
"1343","left",0.00290688285262104,"HPL",0.00525691029336951
"1344","legend",NA,"HPL",0.000805494319145328
"1345","legends",NA,"HPL",0.00105986094624385
"1346","length",0.00200251929847227,"HPL",0.00161098863829066
"1347","level",NA,"HPL",0.000678311005596066
"1348","library",NA,"HPL",0.000763099881295574
"1349","life",0.010626271761248,"HPL",0.00551127692046803
"1350","light",0.00284228545589613,"HPL",0.00525691029336951
"1351","lightning",NA,"HPL",0.000847888756995082
"1352","lights",NA,"HPL",0.00131422757334238
"1353","line",NA,"HPL",0.00165338307614041
"1354","lines",NA,"HPL",0.000763099881295574
"1355","listen",0.000581376570524208,"HPL",0.000847888756995082
"1356","listened",0.00106585704596105,"HPL",0.00072070544344582
"1357","live",0.00171183101321017,"HPL",0.00093267763269459
"1358","lived",0.00145344142631052,"HPL",0.00105986094624385
"1359","living",0.00103355834759859,"HPL",0.00211972189248771
"1360","local",NA,"HPL",0.00093267763269459
"1361","locked",NA,"HPL",0.000678311005596066
"1362","lonely",NA,"HPL",0.000763099881295574
"1363","looked",0.0024224023771842,"HPL",0.00381549940647787
"1364","lore",NA,"HPL",0.000847888756995082
"1365","lost",0.00303607764607086,"HPL",0.00152619976259115
"1366","lot",NA,"HPL",0.000763099881295574
"1367","low",0.000775168760698944,"HPL",0.00220451076818721
"1368","lower",NA,"HPL",0.000678311005596066
"1369","mad",0.000775168760698944,"HPL",0.00224690520603697
"1370","madness",0.0008074674590614,"HPL",0.00139901644904189
"1371","magic",NA,"HPL",0.000805494319145328
"1372","main",NA,"HPL",0.000678311005596066
"1373","man's",NA,"HPL",0.000805494319145328
"1374","manner",0.00151803882303543,"HPL",0.000678311005596066
"1375","mansion",NA,"HPL",0.00127183313549262
"1376","manuscript",NA,"HPL",0.000678311005596066
"1377","marble",NA,"HPL",0.00152619976259115
"1378","marsh",NA,"HPL",0.0010174665083941
"1379","martense",NA,"HPL",0.00093267763269459
"1380","material",NA,"HPL",0.000890283194844836
"1381","matter",NA,"HPL",0.00148380532474139
"1382","means",0.00122735053777333,"HPL",0.000805494319145328
"1383","meant",NA,"HPL",0.000805494319145328
"1384","memories",NA,"HPL",0.000678311005596066
"1385","memory",0.00100125964923614,"HPL",0.00169577751399016
"1386","mental",NA,"HPL",0.0010174665083941
"1387","met",0.00096896095087368,"HPL",0.00139901644904189
"1388","midnight",NA,"HPL",0.00114464982194336
"1389","mighty",0.0008074674590614,"HPL",0.000805494319145328
"1390","mind",0.00523238913471787,"HPL",0.00356113277937935
"1391","mine",0.00155033752139789,"HPL",0.00110225538409361
"1392","miskatonic",NA,"HPL",0.000975072070544345
"1393","mists",NA,"HPL",0.000805494319145328
"1394","mixed",NA,"HPL",0.000975072070544345
"1395","modern",NA,"HPL",0.000890283194844836
"1396","moment",0.00313297374115823,"HPL",0.00237408851958623
"1397","monstrous",NA,"HPL",0.00190774970323894
"1398","months",0.00197022060010982,"HPL",0.00072070544344582
"1399","moon",0.000839766157423856,"HPL",0.00385789384432762
"1400","moonlight",NA,"HPL",0.000890283194844836
"1401","morbid",NA,"HPL",0.00093267763269459
"1402","morning",0.00174412971157262,"HPL",0.00237408851958623
"1403","mother",0.0027130906624463,"HPL",0.00105986094624385
"1404","motion",0.00064597396724912,"HPL",0.000805494319145328
"1405","mould",NA,"HPL",0.000678311005596066
"1406","mountain",0.000904363554148768,"HPL",0.00216211633033746
"1407","moved",0.000678272665611576,"HPL",0.00127183313549262
"1408","music",0.00116275314104842,"HPL",0.000763099881295574
"1409","musides",NA,"HPL",0.000805494319145328
"1410","mystery",NA,"HPL",0.000805494319145328
"1411","nameless",NA,"HPL",0.00139901644904189
"1412","narrow",NA,"HPL",0.00148380532474139
"1413","natives",NA,"HPL",0.000678311005596066
"1414","natural",0.00103355834759859,"HPL",0.000890283194844836
"1415","nature",0.00426342818384419,"HPL",0.00186535526538918
"1416","necronomicon",NA,"HPL",0.000678311005596066
"1417","nervous",NA,"HPL",0.0010174665083941
"1418","night",0.00523238913471787,"HPL",0.0107681872138375
"1419","nightmare",NA,"HPL",0.00105986094624385
"1420","noises",NA,"HPL",0.000678311005596066
"1421","normal",NA,"HPL",0.000763099881295574
"1422","north",0.000678272665611576,"HPL",0.00207732745463795
"1423","notes",NA,"HPL",0.00110225538409361
"1424","notice",NA,"HPL",0.000763099881295574
"1425","noticed",NA,"HPL",0.00148380532474139
"1426","obed",NA,"HPL",0.00110225538409361
"1427","object",0.00148574012467298,"HPL",0.00186535526538918
"1428","obtained",NA,"HPL",0.000678311005596066
"1429","occurred",NA,"HPL",0.00093267763269459
"1430","ocean",0.00100125964923614,"HPL",0.000890283194844836
"1431","odd",NA,"HPL",0.00216211633033746
"1432","oddly",NA,"HPL",0.000763099881295574
"1433","odour",NA,"HPL",0.000763099881295574
"1434","organic",NA,"HPL",0.000805494319145328
"1435","pair",NA,"HPL",0.000678311005596066
"1436","pale",0.000872064855786312,"HPL",0.0010174665083941
"1437","paper",NA,"HPL",0.00114464982194336
"1438","partly",NA,"HPL",0.000975072070544345
"1439","passage",0.000581376570524208,"HPL",0.000763099881295574
"1440","passed",0.00384354510513226,"HPL",0.00169577751399016
"1441","past",0.00145344142631052,"HPL",0.00292521621163303
"1442","peak",NA,"HPL",0.000678311005596066
"1443","peculiar",0.000516779173799296,"HPL",0.0015685942004409
"1444","people",0.00116275314104842,"HPL",0.0036035272172291
"1445","period",0.000872064855786312,"HPL",0.000763099881295574
"1446","person",0.00119505183941087,"HPL",0.00072070544344582
"1447","persons",NA,"HPL",0.00093267763269459
"1448","physical",NA,"HPL",0.00072070544344582
"1449","physician",NA,"HPL",0.000678311005596066
"1450","pickman",NA,"HPL",0.00110225538409361
"1451","picture",NA,"HPL",0.00093267763269459
"1452","plain",0.000775168760698944,"HPL",0.00110225538409361
"1453","pocket",NA,"HPL",0.000847888756995082
"1454","police",NA,"HPL",0.00114464982194336
"1455","poor",0.0027130906624463,"HPL",0.00135662201119213
"1456","position",NA,"HPL",0.00072070544344582
"1457","possessed",0.00177642840993508,"HPL",0.00072070544344582
"1458","power",0.00306837634443332,"HPL",0.000763099881295574
"1459","prepared",0.000775168760698944,"HPL",0.000805494319145328
"1460","presence",0.000936662252511224,"HPL",0.00093267763269459
"1461","prints",NA,"HPL",0.00072070544344582
"1462","professor",NA,"HPL",0.00144141088689164
"1463","proved",NA,"HPL",0.000975072070544345
"1464","public",0.00064597396724912,"HPL",0.00093267763269459
"1465","quality",NA,"HPL",0.0010174665083941
"1466","queer",NA,"HPL",0.00245887739528574
"1467","quest",NA,"HPL",0.000847888756995082
"1468","questions",NA,"HPL",0.000763099881295574
"1469","quickly",0.000936662252511224,"HPL",0.000805494319145328
"1470","quiet",0.000678272665611576,"HPL",0.000975072070544345
"1471","rain",0.00106585704596105,"HPL",0.000975072070544345
"1472","ran",NA,"HPL",0.00110225538409361
"1473","rat",NA,"HPL",0.00093267763269459
"1474","reach",0.000613675268886664,"HPL",0.00105986094624385
"1475","reached",0.000839766157423856,"HPL",0.00211972189248771
"1476","read",0.00180872710829754,"HPL",0.00220451076818721
"1477","reading",NA,"HPL",0.00072070544344582
"1478","real",0.000710571363974032,"HPL",0.000890283194844836
"1479","reality",0.00103355834759859,"HPL",0.0010174665083941
"1480","reason",0.00100125964923614,"HPL",0.00139901644904189
"1481","recall",NA,"HPL",0.00148380532474139
"1482","red",NA,"HPL",0.00161098863829066
"1483","reef",NA,"HPL",0.00122943869764287
"1484","region",NA,"HPL",0.00127183313549262
"1485","relief",0.000613675268886664,"HPL",0.000890283194844836
"1486","remained",0.0019056232033849,"HPL",0.00122943869764287
"1487","remains",0.000613675268886664,"HPL",0.00072070544344582
"1488","remember",0.000678272665611576,"HPL",0.00131422757334238
"1489","remembered",0.000775168760698944,"HPL",0.00072070544344582
"1490","remote",NA,"HPL",0.00122943869764287
"1491","resolved",0.00151803882303543,"HPL",0.00072070544344582
"1492","rest",0.00180872710829754,"HPL",0.00131422757334238
"1493","results",NA,"HPL",0.000805494319145328
"1494","return",0.00326216853460806,"HPL",0.00110225538409361
"1495","returned",0.00216401279028455,"HPL",0.00118704425979312
"1496","rise",0.000549077872161752,"HPL",0.00114464982194336
"1497","rising",NA,"HPL",0.00072070544344582
"1498","river",0.000581376570524208,"HPL",0.00169577751399016
"1499","road",0.000710571363974032,"HPL",0.00169577751399016
"1500","rock",0.000516779173799296,"HPL",0.00122943869764287
"1501","roman",NA,"HPL",0.000805494319145328
"1502","roof",NA,"HPL",0.000890283194844836
"1503","roofs",NA,"HPL",0.00122943869764287
"1504","rose",0.00145344142631052,"HPL",0.00131422757334238
"1505","rotting",NA,"HPL",0.000678311005596066
"1506","ruined",NA,"HPL",0.00093267763269459
"1507","ruins",NA,"HPL",0.000975072070544345
"1508","run",NA,"HPL",0.000678311005596066
"1509","sailed",NA,"HPL",0.000678311005596066
"1510","sarnath",NA,"HPL",0.000847888756995082
"1511","sat",0.00171183101321017,"HPL",0.000890283194844836
"1512","save",0.000581376570524208,"HPL",0.00224690520603697
"1513","scarcely",NA,"HPL",0.00093267763269459
"1514","scene",0.00264849326572139,"HPL",0.00182296082753943
"1515","school",NA,"HPL",0.000678311005596066
"1516","scream",NA,"HPL",0.000678311005596066
"1517","screaming",NA,"HPL",0.00093267763269459
"1518","sea",0.00261619456735894,"HPL",0.00419704934712566
"1519","secret",0.00116275314104842,"HPL",0.00182296082753943
"1520","secrets",NA,"HPL",0.00110225538409361
"1521","seized",0.000872064855786312,"HPL",0.000763099881295574
"1522","sense",0.000904363554148768,"HPL",0.00190774970323894
"1523","senses",0.000581376570524208,"HPL",0.000763099881295574
"1524","servants",NA,"HPL",0.00072070544344582
"1525","set",0.00135654533122315,"HPL",0.00254366627098525
"1526","shadow",0.000775168760698944,"HPL",0.00127183313549262
"1527","shadows",NA,"HPL",0.000975072070544345
"1528","shapes",NA,"HPL",0.00093267763269459
"1529","shew",NA,"HPL",0.000890283194844836
"1530","shewed",0.000742870062336488,"HPL",0.00148380532474139
"1531","ship",NA,"HPL",0.00093267763269459
"1532","shocking",NA,"HPL",0.000975072070544345
"1533","shore",0.000581376570524208,"HPL",0.00093267763269459
"1534","short",0.0013242466328607,"HPL",0.000847888756995082
"1535","shuddered",NA,"HPL",0.00072070544344582
"1536","shunned",NA,"HPL",0.00105986094624385
"1537","shut",0.000678272665611576,"HPL",0.00072070544344582
"1538","sight",0.00145344142631052,"HPL",0.00322197727658131
"1539","signs",NA,"HPL",0.00093267763269459
"1540","silence",0.00155033752139789,"HPL",0.00122943869764287
"1541","silent",0.00096896095087368,"HPL",0.00161098863829066
"1542","simple",NA,"HPL",0.00105986094624385
"1543","single",NA,"HPL",0.00105986094624385
"1544","singular",NA,"HPL",0.0010174665083941
"1545","sinister",NA,"HPL",0.00199253857893844
"1546","sir",NA,"HPL",0.00190774970323894
"1547","size",NA,"HPL",0.000678311005596066
"1548","skull",NA,"HPL",0.000678311005596066
"1549","sky",0.00116275314104842,"HPL",0.00262845514668476
"1550","slater",NA,"HPL",0.000805494319145328
"1551","sleep",0.00158263621976034,"HPL",0.00241648295743598
"1552","slept",0.000872064855786312,"HPL",0.000890283194844836
"1553","slight",0.00064597396724912,"HPL",0.000805494319145328
"1554","slope",NA,"HPL",0.000975072070544345
"1555","slowly",NA,"HPL",0.00110225538409361
"1556","smell",NA,"HPL",0.00072070544344582
"1557","soft",0.000872064855786312,"HPL",0.000678311005596066
"1558","solution",NA,"HPL",0.000678311005596066
"1559","son",0.000742870062336488,"HPL",0.00148380532474139
"1560","sort",NA,"HPL",0.00211972189248771
"1561","sought",0.00171183101321017,"HPL",0.00148380532474139
"1562","soul",0.00371435031168244,"HPL",0.00139901644904189
"1563","sound",0.00145344142631052,"HPL",0.0030523995251823
"1564","sounds",0.000613675268886664,"HPL",0.00190774970323894
"1565","source",NA,"HPL",0.000763099881295574
"1566","south",0.000516779173799296,"HPL",0.00195014414108869
"1567","space",NA,"HPL",0.00351873834152959
"1568","speak",0.00174412971157262,"HPL",0.00131422757334238
"1569","specimens",NA,"HPL",0.000805494319145328
"1570","spectral",NA,"HPL",0.00105986094624385
"1571","speech",NA,"HPL",0.00072070544344582
"1572","spirit",0.00371435031168244,"HPL",0.000763099881295574
"1573","spoke",0.00200251929847227,"HPL",0.00186535526538918
"1574","spot",0.00145344142631052,"HPL",0.00122943869764287
"1575","spread",0.000839766157423856,"HPL",0.000847888756995082
"1576","spring",0.000904363554148768,"HPL",0.000890283194844836
"1577","square",NA,"HPL",0.00093267763269459
"1578","st",NA,"HPL",0.00105986094624385
"1579","stairs",NA,"HPL",0.000847888756995082
"1580","staring",NA,"HPL",0.000678311005596066
"1581","stars",0.000581376570524208,"HPL",0.00178056638968967
"1582","started",NA,"HPL",0.00110225538409361
"1583","steep",NA,"HPL",0.00072070544344582
"1584","stench",NA,"HPL",0.000678311005596066
"1585","steps",0.00116275314104842,"HPL",0.00135662201119213
"1586","stone",NA,"HPL",0.0041546549092759
"1587","stones",NA,"HPL",0.00114464982194336
"1588","stood",0.00155033752139789,"HPL",0.0020349330167882
"1589","stopped",NA,"HPL",0.000890283194844836
"1590","storm",0.0008074674590614,"HPL",0.00093267763269459
"1591","story",0.000678272665611576,"HPL",0.00122943869764287
"1592","strange",0.00229320758373438,"HPL",0.00716465999660845
"1593","strangely",NA,"HPL",0.000890283194844836
"1594","stranger",0.000613675268886664,"HPL",0.00072070544344582
"1595","street",NA,"HPL",0.0061895879260641
"1596","streets",0.000678272665611576,"HPL",0.00182296082753943
"1597","struck",0.0010981557443235,"HPL",0.00093267763269459
"1598","sudden",0.00064597396724912,"HPL",0.000763099881295574
"1599","suddenly",0.00122735053777333,"HPL",0.00241648295743598
"1600","suggested",NA,"HPL",0.00072070544344582
"1601","suggestion",NA,"HPL",0.000678311005596066
"1602","summer",0.00103355834759859,"HPL",0.000975072070544345
"1603","sun",0.0032298698362456,"HPL",0.000890283194844836
"1604","surface",NA,"HPL",0.0010174665083941
"1605","suspected",NA,"HPL",0.00072070544344582
"1606","table",NA,"HPL",0.00148380532474139
"1607","tale",0.00164723361648526,"HPL",0.000890283194844836
"1608","tales",NA,"HPL",0.00169577751399016
"1609","talk",NA,"HPL",0.00152619976259115
"1610","talked",0.000710571363974032,"HPL",0.00139901644904189
"1611","tall",NA,"HPL",0.00105986094624385
"1612","tempest",NA,"HPL",0.00072070544344582
"1613","temple",NA,"HPL",0.00114464982194336
"1614","ten",0.000516779173799296,"HPL",0.000805494319145328
"1615","terrible",0.000581376570524208,"HPL",0.00394268272002713
"1616","terror",0.000549077872161752,"HPL",0.00186535526538918
"1617","thick",NA,"HPL",0.000763099881295574
"1618","thin",NA,"HPL",0.00093267763269459
"1619","thirty",NA,"HPL",0.000847888756995082
"1620","thunder",NA,"HPL",0.000805494319145328
"1621","till",0.00129194793449824,"HPL",0.00339155502798033
"1622","tillinghast",NA,"HPL",0.00072070544344582
"1623","time",0.00746099932172733,"HPL",0.0100898762082415
"1624","times",0.00142114272794806,"HPL",0.00173817195183992
"1625","told",0.00135654533122315,"HPL",0.00606240461251484
"1626","tomb",0.00064597396724912,"HPL",0.0015685942004409
"1627","top",NA,"HPL",0.00139901644904189
"1628","touch",NA,"HPL",0.00093267763269459
"1629","tower",NA,"HPL",0.00114464982194336
"1630","town",0.00174412971157262,"HPL",0.00317958283873156
"1631","trace",0.000516779173799296,"HPL",0.000847888756995082
"1632","trees",0.0016149349181228,"HPL",0.00224690520603697
"1633","true",0.00148574012467298,"HPL",0.00093267763269459
"1634","truth",0.00151803882303543,"HPL",0.000763099881295574
"1635","twenty",NA,"HPL",0.000763099881295574
"1636","twilight",NA,"HPL",0.00105986094624385
"1637","uncle",NA,"HPL",0.00224690520603697
"1638","understand",0.000613675268886664,"HPL",0.000975072070544345
"1639","university",NA,"HPL",0.000890283194844836
"1640","unknown",0.000710571363974032,"HPL",0.0031371884008818
"1641","unseen",NA,"HPL",0.000890283194844836
"1642","unusual",NA,"HPL",0.000805494319145328
"1643","upper",NA,"HPL",0.00093267763269459
"1644","usual",0.000904363554148768,"HPL",0.00072070544344582
"1645","utter",0.000549077872161752,"HPL",0.00093267763269459
"1646","vague",NA,"HPL",0.00169577751399016
"1647","vaguely",NA,"HPL",0.00072070544344582
"1648","valley",NA,"HPL",0.0015685942004409
"1649","vanished",NA,"HPL",0.000975072070544345
"1650","vast",0.000775168760698944,"HPL",0.00182296082753943
"1651","vault",NA,"HPL",0.00072070544344582
"1652","view",0.000904363554148768,"HPL",0.00127183313549262
"1653","village",NA,"HPL",0.00169577751399016
"1654","violet",NA,"HPL",0.00072070544344582
"1655","visible",NA,"HPL",0.00178056638968967
"1656","visions",NA,"HPL",0.000847888756995082
"1657","visit",0.00138884402958561,"HPL",0.00072070544344582
"1658","voice",0.00390814250185718,"HPL",0.00224690520603697
"1659","voices",NA,"HPL",0.0010174665083941
"1660","waited",0.000516779173799296,"HPL",0.00072070544344582
"1661","waking",NA,"HPL",0.00072070544344582
"1662","walk",NA,"HPL",0.000975072070544345
"1663","walked",0.000936662252511224,"HPL",0.000890283194844836
"1664","wall",NA,"HPL",0.00233169408173648
"1665","walls",0.000775168760698944,"HPL",0.00262845514668476
"1666","war",0.000516779173799296,"HPL",0.00110225538409361
"1667","warren",NA,"HPL",0.000763099881295574
"1668","watch",0.000678272665611576,"HPL",0.000847888756995082
"1669","watched",0.00064597396724912,"HPL",0.00127183313549262
"1670","water",0.000839766157423856,"HPL",0.00262845514668476
"1671","waters",0.000936662252511224,"HPL",0.000890283194844836
"1672","week",NA,"HPL",0.00072070544344582
"1673","weird",NA,"HPL",0.00118704425979312
"1674","west",NA,"HPL",0.00440902153637443
"1675","west's",NA,"HPL",0.000678311005596066
"1676","whateley",NA,"HPL",0.0015685942004409
"1677","whateley's",NA,"HPL",0.000678311005596066
"1678","whilst",NA,"HPL",0.00245887739528574
"1679","whispered",NA,"HPL",0.00118704425979312
"1680","white",0.000775168760698944,"HPL",0.0036035272172291
"1681","wholly",NA,"HPL",0.00186535526538918
"1682","wide",0.00113045444268596,"HPL",0.0010174665083941
"1683","wife",0.000613675268886664,"HPL",0.0010174665083941
"1684","wilbur",NA,"HPL",0.00122943869764287
"1685","wild",0.00171183101321017,"HPL",0.00186535526538918
"1686","wildly",NA,"HPL",0.000678311005596066
"1687","wind",0.00171183101321017,"HPL",0.00216211633033746
"1688","window",0.000549077872161752,"HPL",0.00330676615228082
"1689","windows",NA,"HPL",0.00292521621163303
"1690","wished",0.00116275314104842,"HPL",0.00114464982194336
"1691","woman",0.00096896095087368,"HPL",0.00135662201119213
"1692","wondered",NA,"HPL",0.00105986094624385
"1693","wood",0.00103355834759859,"HPL",0.000847888756995082
"1694","woods",0.000904363554148768,"HPL",0.000763099881295574
"1695","words",0.00452181777074384,"HPL",0.0015685942004409
"1696","world",0.00384354510513226,"HPL",0.00390028828217738
"1697","written",NA,"HPL",0.000678311005596066
"1698","wrote",NA,"HPL",0.00072070544344582
"1699","ye",0.000775168760698944,"HPL",0.00254366627098525
"1700","yellow",NA,"HPL",0.00135662201119213
"1701","youth",0.00151803882303543,"HPL",0.00165338307614041
